id,firstname,lastname,email,email2,profession,Field Name
100,Sam,Karl,Sam.Karl@yopmail.com,Sam.Karl@gmail.com,firefighter,1
101,Caressa,Lea,Caressa.Lea@yopmail.com,Caressa.Lea@gmail.com,firefighter,2
102,Joeann,Rustice,Joeann.Rustice@yopmail.com,Joeann.Rustice@gmail.com,doctor,3
103,Brandise,Johanna,Brandise.Johanna@yopmail.com,Brandise.Johanna@gmail.com,firefighter,4
104,Ernesta,Aprile,Ernesta.Aprile@yopmail.com,Ernesta.Aprile@gmail.com,police officer,5
105,Celisse,Zola,Celisse.Zola@yopmail.com,Celisse.Zola@gmail.com,worker,6
106,Belinda,Wandie,Belinda.Wandie@yopmail.com,Belinda.Wandie@gmail.com,firefighter,7
107,Liana,Casimir,Liana.Casimir@yopmail.com,Liana.Casimir@gmail.com,worker,8
108,Tierney,Gibbeon,Tierney.Gibbeon@yopmail.com,Tierney.Gibbeon@gmail.com,worker,9
109,Claudina,Haerr,Claudina.Haerr@yopmail.com,Claudina.Haerr@gmail.com,worker,10
110,Rori,Jehu,Rori.Jehu@yopmail.com,Rori.Jehu@gmail.com,doctor,11
111,Pollyanna,Melleta,Pollyanna.Melleta@yopmail.com,Pollyanna.Melleta@gmail.com,firefighter,12
112,Gretal,Janith,Gretal.Janith@yopmail.com,Gretal.Janith@gmail.com,doctor,13
113,Merci,Carvey,Merci.Carvey@yopmail.com,Merci.Carvey@gmail.com,worker,14
114,Gloria,Bethany,Gloria.Bethany@yopmail.com,Gloria.Bethany@gmail.com,firefighter,15
115,Therine,Pacorro,Therine.Pacorro@yopmail.com,Therine.Pacorro@gmail.com,doctor,16
116,Nanete,Taam,Nanete.Taam@yopmail.com,Nanete.Taam@gmail.com,developer,17
117,Roxane,Laurianne,Roxane.Laurianne@yopmail.com,Roxane.Laurianne@gmail.com,police officer,18
118,Rubie,Dituri,Rubie.Dituri@yopmail.com,Rubie.Dituri@gmail.com,firefighter,19
119,Kassey,Greyson,Kassey.Greyson@yopmail.com,Kassey.Greyson@gmail.com,firefighter,20
120,Daryl,Salchunas,Daryl.Salchunas@yopmail.com,Daryl.Salchunas@gmail.com,developer,21
121,Anica,Brotherson,Anica.Brotherson@yopmail.com,Anica.Brotherson@gmail.com,firefighter,22
122,Malina,Margret,Malina.Margret@yopmail.com,Malina.Margret@gmail.com,developer,23
123,Hannis,Leffen,Hannis.Leffen@yopmail.com,Hannis.Leffen@gmail.com,doctor,24
124,Fidelia,Rodmann,Fidelia.Rodmann@yopmail.com,Fidelia.Rodmann@gmail.com,developer,25
125,Max,Bebe,Max.Bebe@yopmail.com,Max.Bebe@gmail.com,firefighter,26
126,Korrie,Delila,Korrie.Delila@yopmail.com,Korrie.Delila@gmail.com,developer,27
127,Mellicent,Emerson,Mellicent.Emerson@yopmail.com,Mellicent.Emerson@gmail.com,doctor,28
128,Shel,Bonilla,Shel.Bonilla@yopmail.com,Shel.Bonilla@gmail.com,worker,29
129,Nonnah,Aurelio,Nonnah.Aurelio@yopmail.com,Nonnah.Aurelio@gmail.com,police officer,30
130,Karolina,Estella,Karolina.Estella@yopmail.com,Karolina.Estella@gmail.com,doctor,31
131,Nerta,Leopold,Nerta.Leopold@yopmail.com,Nerta.Leopold@gmail.com,police officer,32
132,Dianemarie,Callista,Dianemarie.Callista@yopmail.com,Dianemarie.Callista@gmail.com,police officer,33
133,Sheree,Brenn,Sheree.Brenn@yopmail.com,Sheree.Brenn@gmail.com,doctor,34
134,Madeleine,Parsaye,Madeleine.Parsaye@yopmail.com,Madeleine.Parsaye@gmail.com,firefighter,35
135,Raf,Rillings,Raf.Rillings@yopmail.com,Raf.Rillings@gmail.com,firefighter,36
136,Kayla,Means,Kayla.Means@yopmail.com,Kayla.Means@gmail.com,developer,37
137,Maye,Schonfeld,Maye.Schonfeld@yopmail.com,Maye.Schonfeld@gmail.com,worker,38
138,Jolyn,Radu,Jolyn.Radu@yopmail.com,Jolyn.Radu@gmail.com,police officer,39
139,Helsa,Therine,Helsa.Therine@yopmail.com,Helsa.Therine@gmail.com,doctor,40
140,Linet,Autrey,Linet.Autrey@yopmail.com,Linet.Autrey@gmail.com,doctor,41
141,Jobi,Delila,Jobi.Delila@yopmail.com,Jobi.Delila@gmail.com,doctor,42
142,Teriann,Maiah,Teriann.Maiah@yopmail.com,Teriann.Maiah@gmail.com,developer,43
143,Sidoney,Ethban,Sidoney.Ethban@yopmail.com,Sidoney.Ethban@gmail.com,police officer,44
144,Tatiania,Masao,Tatiania.Masao@yopmail.com,Tatiania.Masao@gmail.com,police officer,45
145,Yolane,Mintz,Yolane.Mintz@yopmail.com,Yolane.Mintz@gmail.com,developer,46
146,Mellicent,Tybald,Mellicent.Tybald@yopmail.com,Mellicent.Tybald@gmail.com,doctor,47
147,Pollyanna,Barrus,Pollyanna.Barrus@yopmail.com,Pollyanna.Barrus@gmail.com,developer,48
148,Frank,Ciro,Frank.Ciro@yopmail.com,Frank.Ciro@gmail.com,worker,49
149,Lilith,Schonfeld,Lilith.Schonfeld@yopmail.com,Lilith.Schonfeld@gmail.com,firefighter,50
150,Joeann,Charmine,Joeann.Charmine@yopmail.com,Joeann.Charmine@gmail.com,firefighter,51
151,Sue,Malvino,Sue.Malvino@yopmail.com,Sue.Malvino@gmail.com,doctor,52
152,Jorry,Lindemann,Jorry.Lindemann@yopmail.com,Jorry.Lindemann@gmail.com,developer,53
153,Coral,Kelula,Coral.Kelula@yopmail.com,Coral.Kelula@gmail.com,developer,54
154,Doro,Gilmour,Doro.Gilmour@yopmail.com,Doro.Gilmour@gmail.com,firefighter,55
155,Hope,Ivens,Hope.Ivens@yopmail.com,Hope.Ivens@gmail.com,developer,56
156,Averyl,Ranjiv,Averyl.Ranjiv@yopmail.com,Averyl.Ranjiv@gmail.com,police officer,57
157,Eolanda,Zuzana,Eolanda.Zuzana@yopmail.com,Eolanda.Zuzana@gmail.com,firefighter,58
158,Renae,Florina,Renae.Florina@yopmail.com,Renae.Florina@gmail.com,developer,59
159,Rayna,Pitt,Rayna.Pitt@yopmail.com,Rayna.Pitt@gmail.com,developer,60
160,Modestia,Aldric,Modestia.Aldric@yopmail.com,Modestia.Aldric@gmail.com,doctor,61
161,Etta,Zola,Etta.Zola@yopmail.com,Etta.Zola@gmail.com,doctor,62
162,Gratia,Dorine,Gratia.Dorine@yopmail.com,Gratia.Dorine@gmail.com,police officer,63
163,Ada,Laverne,Ada.Laverne@yopmail.com,Ada.Laverne@gmail.com,firefighter,64
164,Camile,Infield,Camile.Infield@yopmail.com,Camile.Infield@gmail.com,doctor,65
165,Lily,Cullin,Lily.Cullin@yopmail.com,Lily.Cullin@gmail.com,doctor,66
166,Deirdre,Pernick,Deirdre.Pernick@yopmail.com,Deirdre.Pernick@gmail.com,worker,67
167,Ivett,Alice,Ivett.Alice@yopmail.com,Ivett.Alice@gmail.com,police officer,68
168,Blake,Stephie,Blake.Stephie@yopmail.com,Blake.Stephie@gmail.com,worker,69
169,Maye,Harriman,Maye.Harriman@yopmail.com,Maye.Harriman@gmail.com,police officer,70
170,Carree,Trace,Carree.Trace@yopmail.com,Carree.Trace@gmail.com,doctor,71
171,Ira,Carvey,Ira.Carvey@yopmail.com,Ira.Carvey@gmail.com,doctor,72
172,Lita,Docilla,Lita.Docilla@yopmail.com,Lita.Docilla@gmail.com,worker,73
173,Carol-Jean,Gaal,Carol-Jean.Gaal@yopmail.com,Carol-Jean.Gaal@gmail.com,doctor,74
174,Mara,Earlie,Mara.Earlie@yopmail.com,Mara.Earlie@gmail.com,doctor,75
175,Ermengarde,Wenda,Ermengarde.Wenda@yopmail.com,Ermengarde.Wenda@gmail.com,worker,76
176,Dorice,Wyn,Dorice.Wyn@yopmail.com,Dorice.Wyn@gmail.com,worker,77
177,Mara,Susannah,Mara.Susannah@yopmail.com,Mara.Susannah@gmail.com,firefighter,78
178,Georgetta,Ietta,Georgetta.Ietta@yopmail.com,Georgetta.Ietta@gmail.com,firefighter,79
179,Chloris,Gert,Chloris.Gert@yopmail.com,Chloris.Gert@gmail.com,doctor,80
180,Kirbee,Clywd,Kirbee.Clywd@yopmail.com,Kirbee.Clywd@gmail.com,police officer,81
181,Jany,Gibbeon,Jany.Gibbeon@yopmail.com,Jany.Gibbeon@gmail.com,worker,82
182,Adore,McLaughlin,Adore.McLaughlin@yopmail.com,Adore.McLaughlin@gmail.com,firefighter,83
183,Claresta,Jammal,Claresta.Jammal@yopmail.com,Claresta.Jammal@gmail.com,developer,84
184,Harrietta,Markman,Harrietta.Markman@yopmail.com,Harrietta.Markman@gmail.com,firefighter,85
185,Wynne,Halsey,Wynne.Halsey@yopmail.com,Wynne.Halsey@gmail.com,firefighter,86
186,Henriette,Bevin,Henriette.Bevin@yopmail.com,Henriette.Bevin@gmail.com,firefighter,87
187,Ottilie,Chick,Ottilie.Chick@yopmail.com,Ottilie.Chick@gmail.com,firefighter,88
188,Flory,Niccolo,Flory.Niccolo@yopmail.com,Flory.Niccolo@gmail.com,doctor,89
189,Valli,Judye,Valli.Judye@yopmail.com,Valli.Judye@gmail.com,doctor,90
190,Judy,Telfer,Judy.Telfer@yopmail.com,Judy.Telfer@gmail.com,worker,91
191,Feliza,Noelyn,Feliza.Noelyn@yopmail.com,Feliza.Noelyn@gmail.com,doctor,92
192,Therine,Rudolph,Therine.Rudolph@yopmail.com,Therine.Rudolph@gmail.com,firefighter,93
193,Deirdre,Vernier,Deirdre.Vernier@yopmail.com,Deirdre.Vernier@gmail.com,developer,94
194,Dagmar,Yusuk,Dagmar.Yusuk@yopmail.com,Dagmar.Yusuk@gmail.com,firefighter,95
195,Emma,McCutcheon,Emma.McCutcheon@yopmail.com,Emma.McCutcheon@gmail.com,doctor,96
196,Ulrike,Velick,Ulrike.Velick@yopmail.com,Ulrike.Velick@gmail.com,firefighter,97
197,Kellen,Carolin,Kellen.Carolin@yopmail.com,Kellen.Carolin@gmail.com,developer,98
198,Lucy,Auberbach,Lucy.Auberbach@yopmail.com,Lucy.Auberbach@gmail.com,worker,99
199,Dagmar,Lail,Dagmar.Lail@yopmail.com,Dagmar.Lail@gmail.com,worker,100
200,Katharina,Ellord,Katharina.Ellord@yopmail.com,Katharina.Ellord@gmail.com,firefighter,101
201,Daryl,Rodmann,Daryl.Rodmann@yopmail.com,Daryl.Rodmann@gmail.com,doctor,102
202,Estell,Duwalt,Estell.Duwalt@yopmail.com,Estell.Duwalt@gmail.com,firefighter,103
203,Kaia,Kosey,Kaia.Kosey@yopmail.com,Kaia.Kosey@gmail.com,worker,104
204,Vanessa,Kravits,Vanessa.Kravits@yopmail.com,Vanessa.Kravits@gmail.com,firefighter,105
205,Sibella,Ferino,Sibella.Ferino@yopmail.com,Sibella.Ferino@gmail.com,developer,106
206,Mamie,Pillsbury,Mamie.Pillsbury@yopmail.com,Mamie.Pillsbury@gmail.com,firefighter,107
207,Lily,Lail,Lily.Lail@yopmail.com,Lily.Lail@gmail.com,firefighter,108
208,Ilse,Thilda,Ilse.Thilda@yopmail.com,Ilse.Thilda@gmail.com,firefighter,109
209,Randa,Marijo,Randa.Marijo@yopmail.com,Randa.Marijo@gmail.com,doctor,110
210,Raf,Drus,Raf.Drus@yopmail.com,Raf.Drus@gmail.com,doctor,111
211,Mahalia,Gladstone,Mahalia.Gladstone@yopmail.com,Mahalia.Gladstone@gmail.com,worker,112
212,Josephine,Eugenia,Josephine.Eugenia@yopmail.com,Josephine.Eugenia@gmail.com,firefighter,113
213,Beatriz,Malvino,Beatriz.Malvino@yopmail.com,Beatriz.Malvino@gmail.com,police officer,114
214,Almeta,Leopold,Almeta.Leopold@yopmail.com,Almeta.Leopold@gmail.com,police officer,115
215,Maye,Oster,Maye.Oster@yopmail.com,Maye.Oster@gmail.com,doctor,116
216,Trixi,Mandler,Trixi.Mandler@yopmail.com,Trixi.Mandler@gmail.com,firefighter,117
217,Sandie,Berard,Sandie.Berard@yopmail.com,Sandie.Berard@gmail.com,worker,118
218,Bettine,Phi,Bettine.Phi@yopmail.com,Bettine.Phi@gmail.com,developer,119
219,Katuscha,Koehler,Katuscha.Koehler@yopmail.com,Katuscha.Koehler@gmail.com,police officer,120
220,Dorice,Danby,Dorice.Danby@yopmail.com,Dorice.Danby@gmail.com,doctor,121
221,Mureil,Stephie,Mureil.Stephie@yopmail.com,Mureil.Stephie@gmail.com,worker,122
222,Merry,Fink,Merry.Fink@yopmail.com,Merry.Fink@gmail.com,firefighter,123
223,Imojean,Mallon,Imojean.Mallon@yopmail.com,Imojean.Mallon@gmail.com,developer,124
224,Gerrie,Wyn,Gerrie.Wyn@yopmail.com,Gerrie.Wyn@gmail.com,worker,125
225,Elvira,My,Elvira.My@yopmail.com,Elvira.My@gmail.com,worker,126
226,Susette,Kathie,Susette.Kathie@yopmail.com,Susette.Kathie@gmail.com,developer,127
227,Valeda,Winnick,Valeda.Winnick@yopmail.com,Valeda.Winnick@gmail.com,developer,128
228,Hannis,Klotz,Hannis.Klotz@yopmail.com,Hannis.Klotz@gmail.com,doctor,129
229,Ottilie,Vale,Ottilie.Vale@yopmail.com,Ottilie.Vale@gmail.com,developer,130
230,Marjie,August,Marjie.August@yopmail.com,Marjie.August@gmail.com,developer,131
231,Charmaine,Rona,Charmaine.Rona@yopmail.com,Charmaine.Rona@gmail.com,doctor,132
232,Jobi,Yuille,Jobi.Yuille@yopmail.com,Jobi.Yuille@gmail.com,doctor,133
233,Brianna,Hanshaw,Brianna.Hanshaw@yopmail.com,Brianna.Hanshaw@gmail.com,firefighter,134
234,Tilly,Aurelio,Tilly.Aurelio@yopmail.com,Tilly.Aurelio@gmail.com,firefighter,135
235,Jobi,Peg,Jobi.Peg@yopmail.com,Jobi.Peg@gmail.com,police officer,136
236,Ethel,Holbrook,Ethel.Holbrook@yopmail.com,Ethel.Holbrook@gmail.com,doctor,137
237,Jaclyn,Lytton,Jaclyn.Lytton@yopmail.com,Jaclyn.Lytton@gmail.com,police officer,138
238,Adelle,Billye,Adelle.Billye@yopmail.com,Adelle.Billye@gmail.com,developer,139
239,Alleen,Himelman,Alleen.Himelman@yopmail.com,Alleen.Himelman@gmail.com,firefighter,140
240,Zsa Zsa,Wenda,Zsa Zsa.Wenda@yopmail.com,Zsa Zsa.Wenda@gmail.com,developer,141
241,Merle,Dex,Merle.Dex@yopmail.com,Merle.Dex@gmail.com,developer,142
242,Abbie,Dahlia,Abbie.Dahlia@yopmail.com,Abbie.Dahlia@gmail.com,doctor,143
243,Ulrike,Palocz,Ulrike.Palocz@yopmail.com,Ulrike.Palocz@gmail.com,worker,144
244,Jenilee,Kolnick,Jenilee.Kolnick@yopmail.com,Jenilee.Kolnick@gmail.com,developer,145
245,Lily,Sabella,Lily.Sabella@yopmail.com,Lily.Sabella@gmail.com,worker,146
246,Sonni,Yuille,Sonni.Yuille@yopmail.com,Sonni.Yuille@gmail.com,developer,147
247,Hallie,Freddi,Hallie.Freddi@yopmail.com,Hallie.Freddi@gmail.com,police officer,148
248,Dotty,Kiersten,Dotty.Kiersten@yopmail.com,Dotty.Kiersten@gmail.com,police officer,149
249,Ardenia,Kaete,Ardenia.Kaete@yopmail.com,Ardenia.Kaete@gmail.com,worker,150
250,Tierney,Isidore,Tierney.Isidore@yopmail.com,Tierney.Isidore@gmail.com,doctor,151
251,Lanae,Tound,Lanae.Tound@yopmail.com,Lanae.Tound@gmail.com,doctor,152
252,Lynde,Timon,Lynde.Timon@yopmail.com,Lynde.Timon@gmail.com,worker,153
253,Lucy,Eldrid,Lucy.Eldrid@yopmail.com,Lucy.Eldrid@gmail.com,doctor,154
254,Ivett,Eno,Ivett.Eno@yopmail.com,Ivett.Eno@gmail.com,firefighter,155
255,Ernesta,Blake,Ernesta.Blake@yopmail.com,Ernesta.Blake@gmail.com,police officer,156
256,Ulrike,Ahab,Ulrike.Ahab@yopmail.com,Ulrike.Ahab@gmail.com,police officer,157
257,Reeba,Sasnett,Reeba.Sasnett@yopmail.com,Reeba.Sasnett@gmail.com,doctor,158
258,Jan,Cutlerr,Jan.Cutlerr@yopmail.com,Jan.Cutlerr@gmail.com,police officer,159
259,Annora,Agle,Annora.Agle@yopmail.com,Annora.Agle@gmail.com,police officer,160
260,Karina,Fry,Karina.Fry@yopmail.com,Karina.Fry@gmail.com,doctor,161
261,Ruthe,Sholley,Ruthe.Sholley@yopmail.com,Ruthe.Sholley@gmail.com,doctor,162
262,Aeriela,Toor,Aeriela.Toor@yopmail.com,Aeriela.Toor@gmail.com,firefighter,163
263,Melanie,Huggins,Melanie.Huggins@yopmail.com,Melanie.Huggins@gmail.com,police officer,164
264,Arlina,Isacco,Arlina.Isacco@yopmail.com,Arlina.Isacco@gmail.com,doctor,165
265,Edee,LaRue,Edee.LaRue@yopmail.com,Edee.LaRue@gmail.com,police officer,166
266,Karena,Carvey,Karena.Carvey@yopmail.com,Karena.Carvey@gmail.com,worker,167
267,Evita,Loring,Evita.Loring@yopmail.com,Evita.Loring@gmail.com,worker,168
268,Quintina,Alva,Quintina.Alva@yopmail.com,Quintina.Alva@gmail.com,police officer,169
269,Margalo,Markman,Margalo.Markman@yopmail.com,Margalo.Markman@gmail.com,police officer,170
270,Rivalee,Cynar,Rivalee.Cynar@yopmail.com,Rivalee.Cynar@gmail.com,firefighter,171
271,Mallory,Fairweather,Mallory.Fairweather@yopmail.com,Mallory.Fairweather@gmail.com,developer,172
272,Vivia,Ranjiv,Vivia.Ranjiv@yopmail.com,Vivia.Ranjiv@gmail.com,firefighter,173
273,Taffy,Zenas,Taffy.Zenas@yopmail.com,Taffy.Zenas@gmail.com,police officer,174
274,Beatriz,Center,Beatriz.Center@yopmail.com,Beatriz.Center@gmail.com,developer,175
275,Bibby,Eachern,Bibby.Eachern@yopmail.com,Bibby.Eachern@gmail.com,developer,176
276,Shandie,Hailee,Shandie.Hailee@yopmail.com,Shandie.Hailee@gmail.com,developer,177
277,Vita,Ochs,Vita.Ochs@yopmail.com,Vita.Ochs@gmail.com,firefighter,178
278,Heddie,Cordi,Heddie.Cordi@yopmail.com,Heddie.Cordi@gmail.com,developer,179
279,Rivalee,Ball,Rivalee.Ball@yopmail.com,Rivalee.Ball@gmail.com,police officer,180
280,Danny,Brandice,Danny.Brandice@yopmail.com,Danny.Brandice@gmail.com,worker,181
281,Nicoli,Rosemary,Nicoli.Rosemary@yopmail.com,Nicoli.Rosemary@gmail.com,worker,182
282,Paulita,Fancie,Paulita.Fancie@yopmail.com,Paulita.Fancie@gmail.com,police officer,183
283,Edith,Papageno,Edith.Papageno@yopmail.com,Edith.Papageno@gmail.com,doctor,184
284,Anestassia,Autrey,Anestassia.Autrey@yopmail.com,Anestassia.Autrey@gmail.com,doctor,185
285,Annice,Arne,Annice.Arne@yopmail.com,Annice.Arne@gmail.com,firefighter,186
286,Feliza,Dudley,Feliza.Dudley@yopmail.com,Feliza.Dudley@gmail.com,police officer,187
287,Dorene,Guildroy,Dorene.Guildroy@yopmail.com,Dorene.Guildroy@gmail.com,police officer,188
288,Pollyanna,Paton,Pollyanna.Paton@yopmail.com,Pollyanna.Paton@gmail.com,doctor,189
289,Darlleen,Oscar,Darlleen.Oscar@yopmail.com,Darlleen.Oscar@gmail.com,worker,190
290,Dorene,Bertold,Dorene.Bertold@yopmail.com,Dorene.Bertold@gmail.com,police officer,191
291,Veda,Fiester,Veda.Fiester@yopmail.com,Veda.Fiester@gmail.com,developer,192
292,Agnese,Jerald,Agnese.Jerald@yopmail.com,Agnese.Jerald@gmail.com,firefighter,193
293,Jaclyn,Philipp,Jaclyn.Philipp@yopmail.com,Jaclyn.Philipp@gmail.com,developer,194
294,Marguerite,Tound,Marguerite.Tound@yopmail.com,Marguerite.Tound@gmail.com,doctor,195
295,Cecile,Durante,Cecile.Durante@yopmail.com,Cecile.Durante@gmail.com,worker,196
296,Rubie,Idelia,Rubie.Idelia@yopmail.com,Rubie.Idelia@gmail.com,worker,197
297,Lusa,Lipson,Lusa.Lipson@yopmail.com,Lusa.Lipson@gmail.com,firefighter,198
298,Reeba,Bluh,Reeba.Bluh@yopmail.com,Reeba.Bluh@gmail.com,worker,199
299,Hannis,Mott,Hannis.Mott@yopmail.com,Hannis.Mott@gmail.com,developer,200
300,Alex,Camden,Alex.Camden@yopmail.com,Alex.Camden@gmail.com,doctor,201
301,Roberta,Sawtelle,Roberta.Sawtelle@yopmail.com,Roberta.Sawtelle@gmail.com,police officer,202
302,Nicoli,Ilka,Nicoli.Ilka@yopmail.com,Nicoli.Ilka@gmail.com,developer,203
303,Merrie,Ellord,Merrie.Ellord@yopmail.com,Merrie.Ellord@gmail.com,developer,204
304,Mahalia,Hull,Mahalia.Hull@yopmail.com,Mahalia.Hull@gmail.com,firefighter,205
305,Fred,Buffum,Fred.Buffum@yopmail.com,Fred.Buffum@gmail.com,doctor,206
306,Nikki,Sasnett,Nikki.Sasnett@yopmail.com,Nikki.Sasnett@gmail.com,doctor,207
307,Justinn,Syd,Justinn.Syd@yopmail.com,Justinn.Syd@gmail.com,developer,208
308,Carol-Jean,Destinee,Carol-Jean.Destinee@yopmail.com,Carol-Jean.Destinee@gmail.com,doctor,209
309,Tera,Delp,Tera.Delp@yopmail.com,Tera.Delp@gmail.com,police officer,210
310,Sara-Ann,Eiser,Sara-Ann.Eiser@yopmail.com,Sara-Ann.Eiser@gmail.com,firefighter,211
311,Nessie,Eno,Nessie.Eno@yopmail.com,Nessie.Eno@gmail.com,police officer,212
312,Viviene,Bakerman,Viviene.Bakerman@yopmail.com,Viviene.Bakerman@gmail.com,developer,213
313,Eugine,Radu,Eugine.Radu@yopmail.com,Eugine.Radu@gmail.com,worker,214
314,Tani,Christal,Tani.Christal@yopmail.com,Tani.Christal@gmail.com,doctor,215
315,Lyssa,Seagraves,Lyssa.Seagraves@yopmail.com,Lyssa.Seagraves@gmail.com,doctor,216
316,Ardenia,Allare,Ardenia.Allare@yopmail.com,Ardenia.Allare@gmail.com,worker,217
317,Gale,Hashim,Gale.Hashim@yopmail.com,Gale.Hashim@gmail.com,firefighter,218
318,Laurene,Anselmi,Laurene.Anselmi@yopmail.com,Laurene.Anselmi@gmail.com,worker,219
319,Darlleen,Hortensia,Darlleen.Hortensia@yopmail.com,Darlleen.Hortensia@gmail.com,police officer,220
320,Annice,Dimitris,Annice.Dimitris@yopmail.com,Annice.Dimitris@gmail.com,doctor,221
321,Stephanie,Laurianne,Stephanie.Laurianne@yopmail.com,Stephanie.Laurianne@gmail.com,police officer,222
322,Arlena,Glovsky,Arlena.Glovsky@yopmail.com,Arlena.Glovsky@gmail.com,police officer,223
323,Robbi,Gregrory,Robbi.Gregrory@yopmail.com,Robbi.Gregrory@gmail.com,worker,224
324,Wilma,Cherianne,Wilma.Cherianne@yopmail.com,Wilma.Cherianne@gmail.com,firefighter,225
325,Aaren,Tarrant,Aaren.Tarrant@yopmail.com,Aaren.Tarrant@gmail.com,doctor,226
326,Vanessa,Erb,Vanessa.Erb@yopmail.com,Vanessa.Erb@gmail.com,worker,227
327,Sue,Destinee,Sue.Destinee@yopmail.com,Sue.Destinee@gmail.com,doctor,228
328,Kristan,Fitzsimmons,Kristan.Fitzsimmons@yopmail.com,Kristan.Fitzsimmons@gmail.com,firefighter,229
329,Minda,Virgin,Minda.Virgin@yopmail.com,Minda.Virgin@gmail.com,police officer,230
330,Marjie,Wilona,Marjie.Wilona@yopmail.com,Marjie.Wilona@gmail.com,worker,231
331,Jaime,Myrilla,Jaime.Myrilla@yopmail.com,Jaime.Myrilla@gmail.com,worker,232
332,Sean,Eliathas,Sean.Eliathas@yopmail.com,Sean.Eliathas@gmail.com,developer,233
333,Ardys,Lory,Ardys.Lory@yopmail.com,Ardys.Lory@gmail.com,firefighter,234
334,Gerrie,Hurley,Gerrie.Hurley@yopmail.com,Gerrie.Hurley@gmail.com,police officer,235
335,Mady,Mike,Mady.Mike@yopmail.com,Mady.Mike@gmail.com,police officer,236
336,Meriel,Bohlin,Meriel.Bohlin@yopmail.com,Meriel.Bohlin@gmail.com,firefighter,237
337,Marinna,Simmonds,Marinna.Simmonds@yopmail.com,Marinna.Simmonds@gmail.com,firefighter,238
338,Lilith,Valerio,Lilith.Valerio@yopmail.com,Lilith.Valerio@gmail.com,police officer,239
339,Allyce,Latini,Allyce.Latini@yopmail.com,Allyce.Latini@gmail.com,firefighter,240
340,Jany,Deny,Jany.Deny@yopmail.com,Jany.Deny@gmail.com,firefighter,241
341,Vivia,Damarra,Vivia.Damarra@yopmail.com,Vivia.Damarra@gmail.com,firefighter,242
342,Annora,Stilwell,Annora.Stilwell@yopmail.com,Annora.Stilwell@gmail.com,firefighter,243
343,Chickie,Ball,Chickie.Ball@yopmail.com,Chickie.Ball@gmail.com,firefighter,244
344,Siana,Odysseus,Siana.Odysseus@yopmail.com,Siana.Odysseus@gmail.com,worker,245
345,Sherrie,Weinreb,Sherrie.Weinreb@yopmail.com,Sherrie.Weinreb@gmail.com,firefighter,246
346,Dede,Norrie,Dede.Norrie@yopmail.com,Dede.Norrie@gmail.com,firefighter,247
347,Glenda,Dex,Glenda.Dex@yopmail.com,Glenda.Dex@gmail.com,firefighter,248
348,Giustina,Brittani,Giustina.Brittani@yopmail.com,Giustina.Brittani@gmail.com,worker,249
349,Dyann,Lorenz,Dyann.Lorenz@yopmail.com,Dyann.Lorenz@gmail.com,worker,250
350,Brynna,Vacuva,Brynna.Vacuva@yopmail.com,Brynna.Vacuva@gmail.com,doctor,251
351,Livvyy,Even,Livvyy.Even@yopmail.com,Livvyy.Even@gmail.com,police officer,252
352,Lynnea,Candy,Lynnea.Candy@yopmail.com,Lynnea.Candy@gmail.com,police officer,253
353,Kristina,Glovsky,Kristina.Glovsky@yopmail.com,Kristina.Glovsky@gmail.com,doctor,254
354,Lonnie,Nickola,Lonnie.Nickola@yopmail.com,Lonnie.Nickola@gmail.com,doctor,255
355,Alia,Selway,Alia.Selway@yopmail.com,Alia.Selway@gmail.com,firefighter,256
356,Britte,Felizio,Britte.Felizio@yopmail.com,Britte.Felizio@gmail.com,firefighter,257
357,Joy,Dudley,Joy.Dudley@yopmail.com,Joy.Dudley@gmail.com,police officer,258
358,Kittie,Aprile,Kittie.Aprile@yopmail.com,Kittie.Aprile@gmail.com,firefighter,259
359,Sissy,Raul,Sissy.Raul@yopmail.com,Sissy.Raul@gmail.com,developer,260
360,Charlena,Azeria,Charlena.Azeria@yopmail.com,Charlena.Azeria@gmail.com,police officer,261
361,Kara-Lynn,Bandeen,Kara-Lynn.Bandeen@yopmail.com,Kara-Lynn.Bandeen@gmail.com,police officer,262
362,Corly,Carolin,Corly.Carolin@yopmail.com,Corly.Carolin@gmail.com,police officer,263
363,Shannah,Kiyoshi,Shannah.Kiyoshi@yopmail.com,Shannah.Kiyoshi@gmail.com,police officer,264
364,Beverley,Joeann,Beverley.Joeann@yopmail.com,Beverley.Joeann@gmail.com,firefighter,265
365,Roberta,Hilbert,Roberta.Hilbert@yopmail.com,Roberta.Hilbert@gmail.com,police officer,266
366,Imojean,An,Imojean.An@yopmail.com,Imojean.An@gmail.com,police officer,267
367,Melina,Ovid,Melina.Ovid@yopmail.com,Melina.Ovid@gmail.com,developer,268
368,Mady,Fairweather,Mady.Fairweather@yopmail.com,Mady.Fairweather@gmail.com,worker,269
369,Andeee,Grayce,Andeee.Grayce@yopmail.com,Andeee.Grayce@gmail.com,worker,270
370,Charissa,Wiener,Charissa.Wiener@yopmail.com,Charissa.Wiener@gmail.com,police officer,271
371,Gianina,Joeann,Gianina.Joeann@yopmail.com,Gianina.Joeann@gmail.com,worker,272
372,Odessa,Cutlerr,Odessa.Cutlerr@yopmail.com,Odessa.Cutlerr@gmail.com,firefighter,273
373,Tera,Percy,Tera.Percy@yopmail.com,Tera.Percy@gmail.com,developer,274
374,Dolli,Sophronia,Dolli.Sophronia@yopmail.com,Dolli.Sophronia@gmail.com,developer,275
375,Angela,Gilbertson,Angela.Gilbertson@yopmail.com,Angela.Gilbertson@gmail.com,doctor,276
376,Britte,Millda,Britte.Millda@yopmail.com,Britte.Millda@gmail.com,developer,277
377,Evita,Gusella,Evita.Gusella@yopmail.com,Evita.Gusella@gmail.com,police officer,278
378,Deedee,Clie,Deedee.Clie@yopmail.com,Deedee.Clie@gmail.com,police officer,279
379,Addia,Roscoe,Addia.Roscoe@yopmail.com,Addia.Roscoe@gmail.com,doctor,280
380,Bobbi,Hessler,Bobbi.Hessler@yopmail.com,Bobbi.Hessler@gmail.com,firefighter,281
381,Ulrike,Stilwell,Ulrike.Stilwell@yopmail.com,Ulrike.Stilwell@gmail.com,police officer,282
382,Demetris,Capello,Demetris.Capello@yopmail.com,Demetris.Capello@gmail.com,police officer,283
383,Kary,McLaughlin,Kary.McLaughlin@yopmail.com,Kary.McLaughlin@gmail.com,firefighter,284
384,Nelle,Agle,Nelle.Agle@yopmail.com,Nelle.Agle@gmail.com,doctor,285
385,Viviene,Faust,Viviene.Faust@yopmail.com,Viviene.Faust@gmail.com,doctor,286
386,Deane,Christine,Deane.Christine@yopmail.com,Deane.Christine@gmail.com,firefighter,287
387,Emma,Meli,Emma.Meli@yopmail.com,Emma.Meli@gmail.com,doctor,288
388,Kaia,Mendez,Kaia.Mendez@yopmail.com,Kaia.Mendez@gmail.com,developer,289
389,Candi,Grosz,Candi.Grosz@yopmail.com,Candi.Grosz@gmail.com,firefighter,290
390,Roseline,Anderea,Roseline.Anderea@yopmail.com,Roseline.Anderea@gmail.com,firefighter,291
391,Emmey,Baptlsta,Emmey.Baptlsta@yopmail.com,Emmey.Baptlsta@gmail.com,police officer,292
392,Kore,Guildroy,Kore.Guildroy@yopmail.com,Kore.Guildroy@gmail.com,doctor,293
393,Marjie,Lipson,Marjie.Lipson@yopmail.com,Marjie.Lipson@gmail.com,police officer,294
394,Binny,Waldron,Binny.Waldron@yopmail.com,Binny.Waldron@gmail.com,firefighter,295
395,Babita,Salvidor,Babita.Salvidor@yopmail.com,Babita.Salvidor@gmail.com,firefighter,296
396,Gusty,Kazimir,Gusty.Kazimir@yopmail.com,Gusty.Kazimir@gmail.com,doctor,297
397,Jacenta,Ailyn,Jacenta.Ailyn@yopmail.com,Jacenta.Ailyn@gmail.com,firefighter,298
398,Dione,Roarke,Dione.Roarke@yopmail.com,Dione.Roarke@gmail.com,doctor,299
399,Bernardine,Stilwell,Bernardine.Stilwell@yopmail.com,Bernardine.Stilwell@gmail.com,firefighter,300
400,Corly,Koehler,Corly.Koehler@yopmail.com,Corly.Koehler@gmail.com,doctor,301
401,Merle,Dorine,Merle.Dorine@yopmail.com,Merle.Dorine@gmail.com,doctor,302
402,Ilse,Standing,Ilse.Standing@yopmail.com,Ilse.Standing@gmail.com,police officer,303
403,Kayla,Shirberg,Kayla.Shirberg@yopmail.com,Kayla.Shirberg@gmail.com,worker,304
404,Dorene,Medrek,Dorene.Medrek@yopmail.com,Dorene.Medrek@gmail.com,firefighter,305
405,Konstance,Junie,Konstance.Junie@yopmail.com,Konstance.Junie@gmail.com,police officer,306
406,Arabel,Barrus,Arabel.Barrus@yopmail.com,Arabel.Barrus@gmail.com,firefighter,307
407,Elie,Sophronia,Elie.Sophronia@yopmail.com,Elie.Sophronia@gmail.com,developer,308
408,Claudina,Leary,Claudina.Leary@yopmail.com,Claudina.Leary@gmail.com,police officer,309
409,Ashlee,Grosz,Ashlee.Grosz@yopmail.com,Ashlee.Grosz@gmail.com,firefighter,310
410,Maridel,Bashemeth,Maridel.Bashemeth@yopmail.com,Maridel.Bashemeth@gmail.com,doctor,311
411,Sara-Ann,Astra,Sara-Ann.Astra@yopmail.com,Sara-Ann.Astra@gmail.com,police officer,312
412,Ivett,Nerita,Ivett.Nerita@yopmail.com,Ivett.Nerita@gmail.com,worker,313
413,Tiffie,Liebermann,Tiffie.Liebermann@yopmail.com,Tiffie.Liebermann@gmail.com,doctor,314
414,Karly,Nahum,Karly.Nahum@yopmail.com,Karly.Nahum@gmail.com,police officer,315
415,Joeann,Bakerman,Joeann.Bakerman@yopmail.com,Joeann.Bakerman@gmail.com,firefighter,316
416,Dagmar,Karna,Dagmar.Karna@yopmail.com,Dagmar.Karna@gmail.com,developer,317
417,Nannie,Genna,Nannie.Genna@yopmail.com,Nannie.Genna@gmail.com,firefighter,318
418,Debee,Waite,Debee.Waite@yopmail.com,Debee.Waite@gmail.com,doctor,319
419,Shannah,Campball,Shannah.Campball@yopmail.com,Shannah.Campball@gmail.com,doctor,320
420,Celisse,Frodi,Celisse.Frodi@yopmail.com,Celisse.Frodi@gmail.com,doctor,321
421,Maurene,Stav,Maurene.Stav@yopmail.com,Maurene.Stav@gmail.com,police officer,322
422,Feliza,Nance,Feliza.Nance@yopmail.com,Feliza.Nance@gmail.com,police officer,323
423,Mariele,Rossner,Mariele.Rossner@yopmail.com,Mariele.Rossner@gmail.com,police officer,324
424,Nannie,Screens,Nannie.Screens@yopmail.com,Nannie.Screens@gmail.com,developer,325
425,Ada,Ade,Ada.Ade@yopmail.com,Ada.Ade@gmail.com,doctor,326
426,Sam,Nickola,Sam.Nickola@yopmail.com,Sam.Nickola@gmail.com,worker,327
427,Karlee,Liva,Karlee.Liva@yopmail.com,Karlee.Liva@gmail.com,developer,328
428,Chandra,Wenda,Chandra.Wenda@yopmail.com,Chandra.Wenda@gmail.com,doctor,329
429,Norine,Travax,Norine.Travax@yopmail.com,Norine.Travax@gmail.com,police officer,330
430,Orsola,Atonsah,Orsola.Atonsah@yopmail.com,Orsola.Atonsah@gmail.com,worker,331
431,Nicoli,Hachmin,Nicoli.Hachmin@yopmail.com,Nicoli.Hachmin@gmail.com,police officer,332
432,Gwyneth,Berne,Gwyneth.Berne@yopmail.com,Gwyneth.Berne@gmail.com,police officer,333
433,Layla,Lubin,Layla.Lubin@yopmail.com,Layla.Lubin@gmail.com,worker,334
434,Daryl,Valerio,Daryl.Valerio@yopmail.com,Daryl.Valerio@gmail.com,doctor,335
435,Luci,Destinee,Luci.Destinee@yopmail.com,Luci.Destinee@gmail.com,firefighter,336
436,Drucie,Naashom,Drucie.Naashom@yopmail.com,Drucie.Naashom@gmail.com,police officer,337
437,Monika,Nester,Monika.Nester@yopmail.com,Monika.Nester@gmail.com,developer,338
438,Leeanne,Faria,Leeanne.Faria@yopmail.com,Leeanne.Faria@gmail.com,police officer,339
439,Yetty,Warthman,Yetty.Warthman@yopmail.com,Yetty.Warthman@gmail.com,firefighter,340
440,Claresta,Brackely,Claresta.Brackely@yopmail.com,Claresta.Brackely@gmail.com,worker,341
441,Lorenza,Stav,Lorenza.Stav@yopmail.com,Lorenza.Stav@gmail.com,police officer,342
442,Hildegaard,Harday,Hildegaard.Harday@yopmail.com,Hildegaard.Harday@gmail.com,developer,343
443,Libbie,Mitzi,Libbie.Mitzi@yopmail.com,Libbie.Mitzi@gmail.com,police officer,344
444,Wendi,Zamora,Wendi.Zamora@yopmail.com,Wendi.Zamora@gmail.com,doctor,345
445,Averyl,Margarete,Averyl.Margarete@yopmail.com,Averyl.Margarete@gmail.com,police officer,346
446,Harmonia,Cath,Harmonia.Cath@yopmail.com,Harmonia.Cath@gmail.com,doctor,347
447,Winifred,Dosia,Winifred.Dosia@yopmail.com,Winifred.Dosia@gmail.com,firefighter,348
448,Ofilia,Bevin,Ofilia.Bevin@yopmail.com,Ofilia.Bevin@gmail.com,worker,349
449,Nariko,Alwin,Nariko.Alwin@yopmail.com,Nariko.Alwin@gmail.com,worker,350
450,Riannon,Kiersten,Riannon.Kiersten@yopmail.com,Riannon.Kiersten@gmail.com,developer,351
451,Viki,Georgy,Viki.Georgy@yopmail.com,Viki.Georgy@gmail.com,developer,352
452,Jasmina,Warthman,Jasmina.Warthman@yopmail.com,Jasmina.Warthman@gmail.com,worker,353
453,Binny,Irmine,Binny.Irmine@yopmail.com,Binny.Irmine@gmail.com,firefighter,354
454,Thalia,Hartnett,Thalia.Hartnett@yopmail.com,Thalia.Hartnett@gmail.com,firefighter,355
455,Selia,Papageno,Selia.Papageno@yopmail.com,Selia.Papageno@gmail.com,developer,356
456,Jerry,Kamaria,Jerry.Kamaria@yopmail.com,Jerry.Kamaria@gmail.com,worker,357
457,Cathie,Hirsch,Cathie.Hirsch@yopmail.com,Cathie.Hirsch@gmail.com,police officer,358
458,Beth,Naashom,Beth.Naashom@yopmail.com,Beth.Naashom@gmail.com,doctor,359
459,Maurene,Cyrie,Maurene.Cyrie@yopmail.com,Maurene.Cyrie@gmail.com,doctor,360
460,Wynne,Sasnett,Wynne.Sasnett@yopmail.com,Wynne.Sasnett@gmail.com,doctor,361
461,Caressa,Joeann,Caressa.Joeann@yopmail.com,Caressa.Joeann@gmail.com,worker,362
462,Johna,Hunfredo,Johna.Hunfredo@yopmail.com,Johna.Hunfredo@gmail.com,developer,363
463,Margette,Raffo,Margette.Raffo@yopmail.com,Margette.Raffo@gmail.com,developer,364
464,Ezmeralda,Hailee,Ezmeralda.Hailee@yopmail.com,Ezmeralda.Hailee@gmail.com,police officer,365
465,Myrtice,Wittie,Myrtice.Wittie@yopmail.com,Myrtice.Wittie@gmail.com,police officer,366
466,Antonietta,Demitria,Antonietta.Demitria@yopmail.com,Antonietta.Demitria@gmail.com,police officer,367
467,Merry,Curren,Merry.Curren@yopmail.com,Merry.Curren@gmail.com,police officer,368
468,Sandie,Vastah,Sandie.Vastah@yopmail.com,Sandie.Vastah@gmail.com,firefighter,369
469,Jere,Haerr,Jere.Haerr@yopmail.com,Jere.Haerr@gmail.com,doctor,370
470,Lindie,Olnee,Lindie.Olnee@yopmail.com,Lindie.Olnee@gmail.com,police officer,371
471,Joy,Gale,Joy.Gale@yopmail.com,Joy.Gale@gmail.com,worker,372
472,Corina,Margret,Corina.Margret@yopmail.com,Corina.Margret@gmail.com,police officer,373
473,Nickie,Knowling,Nickie.Knowling@yopmail.com,Nickie.Knowling@gmail.com,developer,374
474,Mariann,Smitt,Mariann.Smitt@yopmail.com,Mariann.Smitt@gmail.com,firefighter,375
475,Rayna,Beniamino,Rayna.Beniamino@yopmail.com,Rayna.Beniamino@gmail.com,worker,376
476,Kamilah,Wyn,Kamilah.Wyn@yopmail.com,Kamilah.Wyn@gmail.com,worker,377
477,Nariko,Claudine,Nariko.Claudine@yopmail.com,Nariko.Claudine@gmail.com,police officer,378
478,Elena,Radu,Elena.Radu@yopmail.com,Elena.Radu@gmail.com,doctor,379
479,Janey,Kare,Janey.Kare@yopmail.com,Janey.Kare@gmail.com,firefighter,380
480,Helena,Weide,Helena.Weide@yopmail.com,Helena.Weide@gmail.com,developer,381
481,Loree,Mata,Loree.Mata@yopmail.com,Loree.Mata@gmail.com,firefighter,382
482,Karlee,Maroney,Karlee.Maroney@yopmail.com,Karlee.Maroney@gmail.com,firefighter,383
483,Lynde,Bebe,Lynde.Bebe@yopmail.com,Lynde.Bebe@gmail.com,developer,384
484,Kerrin,Allys,Kerrin.Allys@yopmail.com,Kerrin.Allys@gmail.com,developer,385
485,Andree,Avi,Andree.Avi@yopmail.com,Andree.Avi@gmail.com,police officer,386
486,Orsola,Corrine,Orsola.Corrine@yopmail.com,Orsola.Corrine@gmail.com,doctor,387
487,Cherilyn,Moina,Cherilyn.Moina@yopmail.com,Cherilyn.Moina@gmail.com,doctor,388
488,Brynna,Tiffa,Brynna.Tiffa@yopmail.com,Brynna.Tiffa@gmail.com,worker,389
489,Selma,Halla,Selma.Halla@yopmail.com,Selma.Halla@gmail.com,developer,390
490,Alejandra,Margarete,Alejandra.Margarete@yopmail.com,Alejandra.Margarete@gmail.com,developer,391
491,Reeba,Nisbet,Reeba.Nisbet@yopmail.com,Reeba.Nisbet@gmail.com,firefighter,392
492,Tori,Newell,Tori.Newell@yopmail.com,Tori.Newell@gmail.com,developer,393
493,Romona,Ackerley,Romona.Ackerley@yopmail.com,Romona.Ackerley@gmail.com,firefighter,394
494,Gui,Neils,Gui.Neils@yopmail.com,Gui.Neils@gmail.com,developer,395
495,Odessa,Hachmin,Odessa.Hachmin@yopmail.com,Odessa.Hachmin@gmail.com,police officer,396
496,Giustina,Stuart,Giustina.Stuart@yopmail.com,Giustina.Stuart@gmail.com,doctor,397
497,Bernie,Bury,Bernie.Bury@yopmail.com,Bernie.Bury@gmail.com,developer,398
498,Winny,Chabot,Winny.Chabot@yopmail.com,Winny.Chabot@gmail.com,doctor,399
499,Marline,Neva,Marline.Neva@yopmail.com,Marline.Neva@gmail.com,worker,400
500,Di,Horan,Di.Horan@yopmail.com,Di.Horan@gmail.com,developer,401
501,Audrie,Thad,Audrie.Thad@yopmail.com,Audrie.Thad@gmail.com,developer,402
502,Kore,Obed,Kore.Obed@yopmail.com,Kore.Obed@gmail.com,firefighter,403
503,Drucie,Burnside,Drucie.Burnside@yopmail.com,Drucie.Burnside@gmail.com,worker,404
504,Elise,Kat,Elise.Kat@yopmail.com,Elise.Kat@gmail.com,doctor,405
505,Lesly,Vivle,Lesly.Vivle@yopmail.com,Lesly.Vivle@gmail.com,doctor,406
506,Pearline,Douglass,Pearline.Douglass@yopmail.com,Pearline.Douglass@gmail.com,developer,407
507,Sam,Chick,Sam.Chick@yopmail.com,Sam.Chick@gmail.com,worker,408
508,Zsa Zsa,Tufts,Zsa Zsa.Tufts@yopmail.com,Zsa Zsa.Tufts@gmail.com,worker,409
509,Marcelline,Ferrell,Marcelline.Ferrell@yopmail.com,Marcelline.Ferrell@gmail.com,firefighter,410
510,Florie,Milson,Florie.Milson@yopmail.com,Florie.Milson@gmail.com,firefighter,411
511,Kenna,Abernon,Kenna.Abernon@yopmail.com,Kenna.Abernon@gmail.com,worker,412
512,Ayn,Iaverne,Ayn.Iaverne@yopmail.com,Ayn.Iaverne@gmail.com,firefighter,413
513,Janenna,Caitlin,Janenna.Caitlin@yopmail.com,Janenna.Caitlin@gmail.com,police officer,414
514,Georgetta,Bakerman,Georgetta.Bakerman@yopmail.com,Georgetta.Bakerman@gmail.com,police officer,415
515,Adele,Jacqui,Adele.Jacqui@yopmail.com,Adele.Jacqui@gmail.com,police officer,416
516,Glynnis,Sparhawk,Glynnis.Sparhawk@yopmail.com,Glynnis.Sparhawk@gmail.com,police officer,417
517,Sean,Kermit,Sean.Kermit@yopmail.com,Sean.Kermit@gmail.com,police officer,418
518,Sashenka,Isidore,Sashenka.Isidore@yopmail.com,Sashenka.Isidore@gmail.com,developer,419
519,Tiffie,Carlson,Tiffie.Carlson@yopmail.com,Tiffie.Carlson@gmail.com,worker,420
520,Danny,Syd,Danny.Syd@yopmail.com,Danny.Syd@gmail.com,firefighter,421
521,Wynne,Brieta,Wynne.Brieta@yopmail.com,Wynne.Brieta@gmail.com,doctor,422
522,Tobe,Ammann,Tobe.Ammann@yopmail.com,Tobe.Ammann@gmail.com,developer,423
523,Amelia,Warthman,Amelia.Warthman@yopmail.com,Amelia.Warthman@gmail.com,developer,424
524,Tonia,Pozzy,Tonia.Pozzy@yopmail.com,Tonia.Pozzy@gmail.com,firefighter,425
525,Josephine,Ephrem,Josephine.Ephrem@yopmail.com,Josephine.Ephrem@gmail.com,police officer,426
526,Jinny,Annabella,Jinny.Annabella@yopmail.com,Jinny.Annabella@gmail.com,doctor,427
527,Zsa Zsa,Simmonds,Zsa Zsa.Simmonds@yopmail.com,Zsa Zsa.Simmonds@gmail.com,firefighter,428
528,Dede,Lalitta,Dede.Lalitta@yopmail.com,Dede.Lalitta@gmail.com,doctor,429
529,Gisela,Denis,Gisela.Denis@yopmail.com,Gisela.Denis@gmail.com,doctor,430
530,Zaria,Janene,Zaria.Janene@yopmail.com,Zaria.Janene@gmail.com,worker,431
531,Elyssa,Deny,Elyssa.Deny@yopmail.com,Elyssa.Deny@gmail.com,firefighter,432
532,Flory,Hoban,Flory.Hoban@yopmail.com,Flory.Hoban@gmail.com,firefighter,433
533,Berget,Bryna,Berget.Bryna@yopmail.com,Berget.Bryna@gmail.com,worker,434
534,Katharina,Colbert,Katharina.Colbert@yopmail.com,Katharina.Colbert@gmail.com,doctor,435
535,Mahalia,Kussell,Mahalia.Kussell@yopmail.com,Mahalia.Kussell@gmail.com,doctor,436
536,Fawne,Kunin,Fawne.Kunin@yopmail.com,Fawne.Kunin@gmail.com,developer,437
537,Genovera,Rudolph,Genovera.Rudolph@yopmail.com,Genovera.Rudolph@gmail.com,doctor,438
538,Janey,Center,Janey.Center@yopmail.com,Janey.Center@gmail.com,firefighter,439
539,Charissa,Wattenberg,Charissa.Wattenberg@yopmail.com,Charissa.Wattenberg@gmail.com,police officer,440
540,Gabriellia,Lewes,Gabriellia.Lewes@yopmail.com,Gabriellia.Lewes@gmail.com,worker,441
541,Camile,Peti,Camile.Peti@yopmail.com,Camile.Peti@gmail.com,worker,442
542,Emmey,Bohlin,Emmey.Bohlin@yopmail.com,Emmey.Bohlin@gmail.com,developer,443
543,Ursulina,Connelly,Ursulina.Connelly@yopmail.com,Ursulina.Connelly@gmail.com,firefighter,444
544,Eolanda,Terrence,Eolanda.Terrence@yopmail.com,Eolanda.Terrence@gmail.com,worker,445
545,Thalia,Stover,Thalia.Stover@yopmail.com,Thalia.Stover@gmail.com,police officer,446
546,Tina,Nicoline,Tina.Nicoline@yopmail.com,Tina.Nicoline@gmail.com,firefighter,447
547,Constance,Esmaria,Constance.Esmaria@yopmail.com,Constance.Esmaria@gmail.com,worker,448
548,Corry,Maribeth,Corry.Maribeth@yopmail.com,Corry.Maribeth@gmail.com,worker,449
549,Tybie,Virgin,Tybie.Virgin@yopmail.com,Tybie.Virgin@gmail.com,developer,450
550,Britni,Sharl,Britni.Sharl@yopmail.com,Britni.Sharl@gmail.com,doctor,451
551,Rosanne,Lutero,Rosanne.Lutero@yopmail.com,Rosanne.Lutero@gmail.com,police officer,452
552,Queenie,Ulphia,Queenie.Ulphia@yopmail.com,Queenie.Ulphia@gmail.com,police officer,453
553,Bernardine,Chandler,Bernardine.Chandler@yopmail.com,Bernardine.Chandler@gmail.com,worker,454
554,Selma,Means,Selma.Means@yopmail.com,Selma.Means@gmail.com,firefighter,455
555,Marita,Cath,Marita.Cath@yopmail.com,Marita.Cath@gmail.com,developer,456
556,Mireielle,Cleo,Mireielle.Cleo@yopmail.com,Mireielle.Cleo@gmail.com,firefighter,457
557,Clo,Ezar,Clo.Ezar@yopmail.com,Clo.Ezar@gmail.com,worker,458
558,Basia,Malvino,Basia.Malvino@yopmail.com,Basia.Malvino@gmail.com,police officer,459
559,Carol-Jean,Dowski,Carol-Jean.Dowski@yopmail.com,Carol-Jean.Dowski@gmail.com,firefighter,460
560,Ashlee,Sothena,Ashlee.Sothena@yopmail.com,Ashlee.Sothena@gmail.com,worker,461
561,Audrie,Sawtelle,Audrie.Sawtelle@yopmail.com,Audrie.Sawtelle@gmail.com,firefighter,462
562,Etta,Zachary,Etta.Zachary@yopmail.com,Etta.Zachary@gmail.com,police officer,463
563,Daune,Ciapas,Daune.Ciapas@yopmail.com,Daune.Ciapas@gmail.com,worker,464
564,Layla,Honoria,Layla.Honoria@yopmail.com,Layla.Honoria@gmail.com,doctor,465
565,Eugine,Maples,Eugine.Maples@yopmail.com,Eugine.Maples@gmail.com,police officer,466
566,Carree,Hutchison,Carree.Hutchison@yopmail.com,Carree.Hutchison@gmail.com,worker,467
567,Jaime,Kiyoshi,Jaime.Kiyoshi@yopmail.com,Jaime.Kiyoshi@gmail.com,firefighter,468
568,Leontine,Oscar,Leontine.Oscar@yopmail.com,Leontine.Oscar@gmail.com,doctor,469
569,Morganica,Zola,Morganica.Zola@yopmail.com,Morganica.Zola@gmail.com,doctor,470
570,Concettina,Revkah,Concettina.Revkah@yopmail.com,Concettina.Revkah@gmail.com,worker,471
571,Dyann,Rosette,Dyann.Rosette@yopmail.com,Dyann.Rosette@gmail.com,worker,472
572,Consuela,Serilda,Consuela.Serilda@yopmail.com,Consuela.Serilda@gmail.com,firefighter,473
573,Trixi,Pandolfi,Trixi.Pandolfi@yopmail.com,Trixi.Pandolfi@gmail.com,police officer,474
574,Michaelina,Jacqui,Michaelina.Jacqui@yopmail.com,Michaelina.Jacqui@gmail.com,police officer,475
575,Valera,Barrus,Valera.Barrus@yopmail.com,Valera.Barrus@gmail.com,doctor,476
576,Priscilla,Oriana,Priscilla.Oriana@yopmail.com,Priscilla.Oriana@gmail.com,doctor,477
577,Gavrielle,Brieta,Gavrielle.Brieta@yopmail.com,Gavrielle.Brieta@gmail.com,police officer,478
578,Danny,Romelda,Danny.Romelda@yopmail.com,Danny.Romelda@gmail.com,firefighter,479
579,Evita,Westphal,Evita.Westphal@yopmail.com,Evita.Westphal@gmail.com,firefighter,480
580,Maridel,Charmine,Maridel.Charmine@yopmail.com,Maridel.Charmine@gmail.com,doctor,481
581,Berta,Lutero,Berta.Lutero@yopmail.com,Berta.Lutero@gmail.com,worker,482
582,Ardenia,Cimbura,Ardenia.Cimbura@yopmail.com,Ardenia.Cimbura@gmail.com,police officer,483
583,Hermione,Syd,Hermione.Syd@yopmail.com,Hermione.Syd@gmail.com,doctor,484
584,Nita,Jagir,Nita.Jagir@yopmail.com,Nita.Jagir@gmail.com,doctor,485
585,Brandise,Salchunas,Brandise.Salchunas@yopmail.com,Brandise.Salchunas@gmail.com,firefighter,486
586,Di,Suanne,Di.Suanne@yopmail.com,Di.Suanne@gmail.com,doctor,487
587,Phedra,Marsden,Phedra.Marsden@yopmail.com,Phedra.Marsden@gmail.com,police officer,488
588,Lacie,Thunell,Lacie.Thunell@yopmail.com,Lacie.Thunell@gmail.com,worker,489
589,Lyssa,Zetta,Lyssa.Zetta@yopmail.com,Lyssa.Zetta@gmail.com,developer,490
590,Vere,Hollingsworth,Vere.Hollingsworth@yopmail.com,Vere.Hollingsworth@gmail.com,developer,491
591,Ezmeralda,Hedve,Ezmeralda.Hedve@yopmail.com,Ezmeralda.Hedve@gmail.com,doctor,492
592,Gabi,Ferino,Gabi.Ferino@yopmail.com,Gabi.Ferino@gmail.com,developer,493
593,Rosabelle,Aida,Rosabelle.Aida@yopmail.com,Rosabelle.Aida@gmail.com,worker,494
594,Zondra,Delp,Zondra.Delp@yopmail.com,Zondra.Delp@gmail.com,doctor,495
595,Nickie,Modie,Nickie.Modie@yopmail.com,Nickie.Modie@gmail.com,developer,496
596,Alyda,Glenden,Alyda.Glenden@yopmail.com,Alyda.Glenden@gmail.com,doctor,497
597,Kalina,Joseph,Kalina.Joseph@yopmail.com,Kalina.Joseph@gmail.com,police officer,498
598,Pearline,Adalbert,Pearline.Adalbert@yopmail.com,Pearline.Adalbert@gmail.com,developer,499
599,Kylynn,Urania,Kylynn.Urania@yopmail.com,Kylynn.Urania@gmail.com,firefighter,500
600,Kathy,Malvino,Kathy.Malvino@yopmail.com,Kathy.Malvino@gmail.com,police officer,501
601,Damaris,Tannie,Damaris.Tannie@yopmail.com,Damaris.Tannie@gmail.com,firefighter,502
602,Sissy,Ashok,Sissy.Ashok@yopmail.com,Sissy.Ashok@gmail.com,doctor,503
603,Mildrid,Astra,Mildrid.Astra@yopmail.com,Mildrid.Astra@gmail.com,developer,504
604,Kerrin,Codding,Kerrin.Codding@yopmail.com,Kerrin.Codding@gmail.com,worker,505
605,Nonnah,Douglass,Nonnah.Douglass@yopmail.com,Nonnah.Douglass@gmail.com,worker,506
606,Jean,Tannie,Jean.Tannie@yopmail.com,Jean.Tannie@gmail.com,doctor,507
607,Mariele,Chabot,Mariele.Chabot@yopmail.com,Mariele.Chabot@gmail.com,police officer,508
608,Alyssa,Glenden,Alyssa.Glenden@yopmail.com,Alyssa.Glenden@gmail.com,developer,509
609,Margalo,Mathilde,Margalo.Mathilde@yopmail.com,Margalo.Mathilde@gmail.com,worker,510
610,Kaja,Bakerman,Kaja.Bakerman@yopmail.com,Kaja.Bakerman@gmail.com,doctor,511
611,Cordi,Ovid,Cordi.Ovid@yopmail.com,Cordi.Ovid@gmail.com,worker,512
612,Karolina,Chinua,Karolina.Chinua@yopmail.com,Karolina.Chinua@gmail.com,developer,513
613,Raina,Eben,Raina.Eben@yopmail.com,Raina.Eben@gmail.com,worker,514
614,Leeanne,Lane,Leeanne.Lane@yopmail.com,Leeanne.Lane@gmail.com,worker,515
615,Anestassia,Raffo,Anestassia.Raffo@yopmail.com,Anestassia.Raffo@gmail.com,worker,516
616,Vanessa,Drisko,Vanessa.Drisko@yopmail.com,Vanessa.Drisko@gmail.com,worker,517
617,Myriam,Candy,Myriam.Candy@yopmail.com,Myriam.Candy@gmail.com,worker,518
618,Karena,Rudolph,Karena.Rudolph@yopmail.com,Karena.Rudolph@gmail.com,police officer,519
619,Averyl,Lubin,Averyl.Lubin@yopmail.com,Averyl.Lubin@gmail.com,developer,520
620,Sara-Ann,Milde,Sara-Ann.Milde@yopmail.com,Sara-Ann.Milde@gmail.com,worker,521
621,Annice,Armanda,Annice.Armanda@yopmail.com,Annice.Armanda@gmail.com,police officer,522
622,Lynea,Gunn,Lynea.Gunn@yopmail.com,Lynea.Gunn@gmail.com,police officer,523
623,Korrie,Bennie,Korrie.Bennie@yopmail.com,Korrie.Bennie@gmail.com,doctor,524
624,Amalie,Graig,Amalie.Graig@yopmail.com,Amalie.Graig@gmail.com,doctor,525
625,Norine,Sharl,Norine.Sharl@yopmail.com,Norine.Sharl@gmail.com,developer,526
626,Henriette,Dichy,Henriette.Dichy@yopmail.com,Henriette.Dichy@gmail.com,developer,527
627,Adelle,Remmer,Adelle.Remmer@yopmail.com,Adelle.Remmer@gmail.com,firefighter,528
628,Bernardine,Adamsen,Bernardine.Adamsen@yopmail.com,Bernardine.Adamsen@gmail.com,worker,529
629,Linet,Erich,Linet.Erich@yopmail.com,Linet.Erich@gmail.com,firefighter,530
630,Wileen,Blisse,Wileen.Blisse@yopmail.com,Wileen.Blisse@gmail.com,police officer,531
631,Ginnie,Elisha,Ginnie.Elisha@yopmail.com,Ginnie.Elisha@gmail.com,police officer,532
632,Gretal,Adrienne,Gretal.Adrienne@yopmail.com,Gretal.Adrienne@gmail.com,developer,533
633,Talya,Delila,Talya.Delila@yopmail.com,Talya.Delila@gmail.com,firefighter,534
634,Melodie,Shaddock,Melodie.Shaddock@yopmail.com,Melodie.Shaddock@gmail.com,firefighter,535
635,Dawn,Glenden,Dawn.Glenden@yopmail.com,Dawn.Glenden@gmail.com,firefighter,536
636,Agathe,Ophelia,Agathe.Ophelia@yopmail.com,Agathe.Ophelia@gmail.com,doctor,537
637,Benita,Moseley,Benita.Moseley@yopmail.com,Benita.Moseley@gmail.com,firefighter,538
638,Marylou,Nickola,Marylou.Nickola@yopmail.com,Marylou.Nickola@gmail.com,doctor,539
639,Caressa,Andrel,Caressa.Andrel@yopmail.com,Caressa.Andrel@gmail.com,police officer,540
640,Sandie,Yate,Sandie.Yate@yopmail.com,Sandie.Yate@gmail.com,developer,541
641,Meg,Weinreb,Meg.Weinreb@yopmail.com,Meg.Weinreb@gmail.com,developer,542
642,Melina,Krystle,Melina.Krystle@yopmail.com,Melina.Krystle@gmail.com,firefighter,543
643,Linet,Pascia,Linet.Pascia@yopmail.com,Linet.Pascia@gmail.com,police officer,544
644,Margarette,Beebe,Margarette.Beebe@yopmail.com,Margarette.Beebe@gmail.com,firefighter,545
645,Nananne,Ackerley,Nananne.Ackerley@yopmail.com,Nananne.Ackerley@gmail.com,worker,546
646,Bill,Stefa,Bill.Stefa@yopmail.com,Bill.Stefa@gmail.com,firefighter,547
647,Gale,Lowry,Gale.Lowry@yopmail.com,Gale.Lowry@gmail.com,police officer,548
648,Lelah,Jehu,Lelah.Jehu@yopmail.com,Lelah.Jehu@gmail.com,doctor,549
649,Siana,Imelida,Siana.Imelida@yopmail.com,Siana.Imelida@gmail.com,worker,550
650,Chloris,Colleen,Chloris.Colleen@yopmail.com,Chloris.Colleen@gmail.com,firefighter,551
651,Lanna,Mitzi,Lanna.Mitzi@yopmail.com,Lanna.Mitzi@gmail.com,police officer,552
652,Alia,Ferino,Alia.Ferino@yopmail.com,Alia.Ferino@gmail.com,doctor,553
653,Dale,Isidore,Dale.Isidore@yopmail.com,Dale.Isidore@gmail.com,firefighter,554
654,Kathy,O'Neill,Kathy.O'Neill@yopmail.com,Kathy.O'Neill@gmail.com,worker,555
655,Pamella,Firmin,Pamella.Firmin@yopmail.com,Pamella.Firmin@gmail.com,developer,556
656,Brynna,Grosz,Brynna.Grosz@yopmail.com,Brynna.Grosz@gmail.com,worker,557
657,Justinn,Philoo,Justinn.Philoo@yopmail.com,Justinn.Philoo@gmail.com,firefighter,558
658,Louella,Rogerio,Louella.Rogerio@yopmail.com,Louella.Rogerio@gmail.com,police officer,559
659,Mallory,Connelly,Mallory.Connelly@yopmail.com,Mallory.Connelly@gmail.com,worker,560
660,Livvyy,Middleton,Livvyy.Middleton@yopmail.com,Livvyy.Middleton@gmail.com,firefighter,561
661,Basia,Alarise,Basia.Alarise@yopmail.com,Basia.Alarise@gmail.com,doctor,562
662,Jany,Lumbard,Jany.Lumbard@yopmail.com,Jany.Lumbard@gmail.com,developer,563
663,Frank,Fadiman,Frank.Fadiman@yopmail.com,Frank.Fadiman@gmail.com,worker,564
664,Lenna,Irmine,Lenna.Irmine@yopmail.com,Lenna.Irmine@gmail.com,police officer,565
665,Carol-Jean,Willie,Carol-Jean.Willie@yopmail.com,Carol-Jean.Willie@gmail.com,firefighter,566
666,Frances,Amadas,Frances.Amadas@yopmail.com,Frances.Amadas@gmail.com,worker,567
667,Gilligan,Shaver,Gilligan.Shaver@yopmail.com,Gilligan.Shaver@gmail.com,worker,568
668,Kirstin,Elvyn,Kirstin.Elvyn@yopmail.com,Kirstin.Elvyn@gmail.com,doctor,569
669,Joeann,Valoniah,Joeann.Valoniah@yopmail.com,Joeann.Valoniah@gmail.com,firefighter,570
670,Constance,Shama,Constance.Shama@yopmail.com,Constance.Shama@gmail.com,doctor,571
671,Carree,Yusuk,Carree.Yusuk@yopmail.com,Carree.Yusuk@gmail.com,firefighter,572
672,Flo,Mehalek,Flo.Mehalek@yopmail.com,Flo.Mehalek@gmail.com,doctor,573
673,Quintina,Bevin,Quintina.Bevin@yopmail.com,Quintina.Bevin@gmail.com,developer,574
674,Karly,Ranjiv,Karly.Ranjiv@yopmail.com,Karly.Ranjiv@gmail.com,worker,575
675,Sallie,Anastatius,Sallie.Anastatius@yopmail.com,Sallie.Anastatius@gmail.com,doctor,576
676,Carree,Lory,Carree.Lory@yopmail.com,Carree.Lory@gmail.com,worker,577
677,Fayre,Kare,Fayre.Kare@yopmail.com,Fayre.Kare@gmail.com,worker,578
678,Estell,Naashom,Estell.Naashom@yopmail.com,Estell.Naashom@gmail.com,developer,579
679,Gwyneth,Modie,Gwyneth.Modie@yopmail.com,Gwyneth.Modie@gmail.com,doctor,580
680,Ellette,Marsden,Ellette.Marsden@yopmail.com,Ellette.Marsden@gmail.com,police officer,581
681,Willetta,Morrill,Willetta.Morrill@yopmail.com,Willetta.Morrill@gmail.com,firefighter,582
682,Kassey,Gamaliel,Kassey.Gamaliel@yopmail.com,Kassey.Gamaliel@gmail.com,developer,583
683,Bill,Raul,Bill.Raul@yopmail.com,Bill.Raul@gmail.com,developer,584
684,Chere,Diann,Chere.Diann@yopmail.com,Chere.Diann@gmail.com,firefighter,585
685,Gavrielle,Weinreb,Gavrielle.Weinreb@yopmail.com,Gavrielle.Weinreb@gmail.com,police officer,586
686,Amii,Hailee,Amii.Hailee@yopmail.com,Amii.Hailee@gmail.com,firefighter,587
687,Chickie,Rona,Chickie.Rona@yopmail.com,Chickie.Rona@gmail.com,doctor,588
688,Briney,Jehu,Briney.Jehu@yopmail.com,Briney.Jehu@gmail.com,developer,589
689,Sidoney,Westphal,Sidoney.Westphal@yopmail.com,Sidoney.Westphal@gmail.com,worker,590
690,Lanae,Madaih,Lanae.Madaih@yopmail.com,Lanae.Madaih@gmail.com,firefighter,591
691,Emilia,Idelia,Emilia.Idelia@yopmail.com,Emilia.Idelia@gmail.com,worker,592
692,Danny,Yusuk,Danny.Yusuk@yopmail.com,Danny.Yusuk@gmail.com,developer,593
693,Gilda,Haymes,Gilda.Haymes@yopmail.com,Gilda.Haymes@gmail.com,police officer,594
694,Hettie,Zenas,Hettie.Zenas@yopmail.com,Hettie.Zenas@gmail.com,police officer,595
695,Tybie,Masao,Tybie.Masao@yopmail.com,Tybie.Masao@gmail.com,police officer,596
696,Camile,Seligman,Camile.Seligman@yopmail.com,Camile.Seligman@gmail.com,firefighter,597
697,Myrtice,Moseley,Myrtice.Moseley@yopmail.com,Myrtice.Moseley@gmail.com,doctor,598
698,Karly,Kauppi,Karly.Kauppi@yopmail.com,Karly.Kauppi@gmail.com,police officer,599
699,Lisette,Uund,Lisette.Uund@yopmail.com,Lisette.Uund@gmail.com,developer,600
700,Doro,Mendez,Doro.Mendez@yopmail.com,Doro.Mendez@gmail.com,doctor,601
701,Esmeralda,Lilas,Esmeralda.Lilas@yopmail.com,Esmeralda.Lilas@gmail.com,police officer,602
702,Steffane,Bendick,Steffane.Bendick@yopmail.com,Steffane.Bendick@gmail.com,doctor,603
703,Zsa Zsa,Lynn,Zsa Zsa.Lynn@yopmail.com,Zsa Zsa.Lynn@gmail.com,police officer,604
704,Joane,Slifka,Joane.Slifka@yopmail.com,Joane.Slifka@gmail.com,doctor,605
705,Lesly,Docilla,Lesly.Docilla@yopmail.com,Lesly.Docilla@gmail.com,developer,606
706,Tobe,Lindemann,Tobe.Lindemann@yopmail.com,Tobe.Lindemann@gmail.com,doctor,607
707,Starla,Seessel,Starla.Seessel@yopmail.com,Starla.Seessel@gmail.com,developer,608
708,Beth,Gaspard,Beth.Gaspard@yopmail.com,Beth.Gaspard@gmail.com,doctor,609
709,Jemie,Payson,Jemie.Payson@yopmail.com,Jemie.Payson@gmail.com,worker,610
710,Binny,Whittaker,Binny.Whittaker@yopmail.com,Binny.Whittaker@gmail.com,worker,611
711,Sandie,Dichy,Sandie.Dichy@yopmail.com,Sandie.Dichy@gmail.com,police officer,612
712,Betta,Chapland,Betta.Chapland@yopmail.com,Betta.Chapland@gmail.com,firefighter,613
713,Catrina,Aaberg,Catrina.Aaberg@yopmail.com,Catrina.Aaberg@gmail.com,doctor,614
714,Gisela,Rheingold,Gisela.Rheingold@yopmail.com,Gisela.Rheingold@gmail.com,police officer,615
715,Pollyanna,Granoff,Pollyanna.Granoff@yopmail.com,Pollyanna.Granoff@gmail.com,doctor,616
716,Trudie,Toffic,Trudie.Toffic@yopmail.com,Trudie.Toffic@gmail.com,firefighter,617
717,Dede,Decato,Dede.Decato@yopmail.com,Dede.Decato@gmail.com,firefighter,618
718,Dione,Wesle,Dione.Wesle@yopmail.com,Dione.Wesle@gmail.com,police officer,619
719,Ernesta,Junie,Ernesta.Junie@yopmail.com,Ernesta.Junie@gmail.com,police officer,620
720,Imojean,Adore,Imojean.Adore@yopmail.com,Imojean.Adore@gmail.com,developer,621
721,Julieta,Vacuva,Julieta.Vacuva@yopmail.com,Julieta.Vacuva@gmail.com,doctor,622
722,Jacenta,Jefferey,Jacenta.Jefferey@yopmail.com,Jacenta.Jefferey@gmail.com,developer,623
723,Zsa Zsa,Miru,Zsa Zsa.Miru@yopmail.com,Zsa Zsa.Miru@gmail.com,developer,624
724,Dania,Berard,Dania.Berard@yopmail.com,Dania.Berard@gmail.com,doctor,625
725,Teddie,Baptlsta,Teddie.Baptlsta@yopmail.com,Teddie.Baptlsta@gmail.com,doctor,626
726,Tani,Cassius,Tani.Cassius@yopmail.com,Tani.Cassius@gmail.com,firefighter,627
727,Ketti,Georgy,Ketti.Georgy@yopmail.com,Ketti.Georgy@gmail.com,police officer,628
728,Lusa,Bach,Lusa.Bach@yopmail.com,Lusa.Bach@gmail.com,firefighter,629
729,Maryellen,Felizio,Maryellen.Felizio@yopmail.com,Maryellen.Felizio@gmail.com,police officer,630
730,Leontine,Standing,Leontine.Standing@yopmail.com,Leontine.Standing@gmail.com,worker,631
731,Kial,Pyle,Kial.Pyle@yopmail.com,Kial.Pyle@gmail.com,developer,632
732,Devina,Longfellow,Devina.Longfellow@yopmail.com,Devina.Longfellow@gmail.com,police officer,633
733,Dorice,Randene,Dorice.Randene@yopmail.com,Dorice.Randene@gmail.com,worker,634
734,Elora,Zamora,Elora.Zamora@yopmail.com,Elora.Zamora@gmail.com,doctor,635
735,Edee,Radu,Edee.Radu@yopmail.com,Edee.Radu@gmail.com,firefighter,636
736,Evita,My,Evita.My@yopmail.com,Evita.My@gmail.com,doctor,637
737,Florencia,Viddah,Florencia.Viddah@yopmail.com,Florencia.Viddah@gmail.com,firefighter,638
738,Heida,Lutero,Heida.Lutero@yopmail.com,Heida.Lutero@gmail.com,worker,639
739,Noelle,Eugenia,Noelle.Eugenia@yopmail.com,Noelle.Eugenia@gmail.com,firefighter,640
740,Frank,Moseley,Frank.Moseley@yopmail.com,Frank.Moseley@gmail.com,firefighter,641
741,Annice,Ardra,Annice.Ardra@yopmail.com,Annice.Ardra@gmail.com,doctor,642
742,Catrina,Hashim,Catrina.Hashim@yopmail.com,Catrina.Hashim@gmail.com,worker,643
743,Adele,Jacobah,Adele.Jacobah@yopmail.com,Adele.Jacobah@gmail.com,developer,644
744,Reeba,Doig,Reeba.Doig@yopmail.com,Reeba.Doig@gmail.com,firefighter,645
745,Vivia,Codding,Vivia.Codding@yopmail.com,Vivia.Codding@gmail.com,police officer,646
746,Carilyn,Torray,Carilyn.Torray@yopmail.com,Carilyn.Torray@gmail.com,firefighter,647
747,Lory,Giule,Lory.Giule@yopmail.com,Lory.Giule@gmail.com,police officer,648
748,Tybie,Grobe,Tybie.Grobe@yopmail.com,Tybie.Grobe@gmail.com,firefighter,649
749,Ayn,Shanley,Ayn.Shanley@yopmail.com,Ayn.Shanley@gmail.com,police officer,650
750,Corina,Ade,Corina.Ade@yopmail.com,Corina.Ade@gmail.com,firefighter,651
751,Winifred,Carri,Winifred.Carri@yopmail.com,Winifred.Carri@gmail.com,worker,652
752,Linzy,Rosemary,Linzy.Rosemary@yopmail.com,Linzy.Rosemary@gmail.com,firefighter,653
753,Zia,Deny,Zia.Deny@yopmail.com,Zia.Deny@gmail.com,developer,654
754,Jemie,Maribeth,Jemie.Maribeth@yopmail.com,Jemie.Maribeth@gmail.com,police officer,655
755,Carree,Kendrick,Carree.Kendrick@yopmail.com,Carree.Kendrick@gmail.com,developer,656
756,Belva,Orelee,Belva.Orelee@yopmail.com,Belva.Orelee@gmail.com,doctor,657
757,Misha,Othilia,Misha.Othilia@yopmail.com,Misha.Othilia@gmail.com,firefighter,658
758,Marinna,Garlinda,Marinna.Garlinda@yopmail.com,Marinna.Garlinda@gmail.com,firefighter,659
759,Juliane,Mintz,Juliane.Mintz@yopmail.com,Juliane.Mintz@gmail.com,firefighter,660
760,Brena,Ashely,Brena.Ashely@yopmail.com,Brena.Ashely@gmail.com,worker,661
761,Eolanda,Abbot,Eolanda.Abbot@yopmail.com,Eolanda.Abbot@gmail.com,worker,662
762,Dianemarie,Buckler,Dianemarie.Buckler@yopmail.com,Dianemarie.Buckler@gmail.com,police officer,663
763,Kirbee,Moseley,Kirbee.Moseley@yopmail.com,Kirbee.Moseley@gmail.com,worker,664
764,Briney,Cadmar,Briney.Cadmar@yopmail.com,Briney.Cadmar@gmail.com,doctor,665
765,Janenna,Lynn,Janenna.Lynn@yopmail.com,Janenna.Lynn@gmail.com,firefighter,666
766,Gaylene,Simmonds,Gaylene.Simmonds@yopmail.com,Gaylene.Simmonds@gmail.com,doctor,667
767,Chloris,Ball,Chloris.Ball@yopmail.com,Chloris.Ball@gmail.com,firefighter,668
768,Susette,Belldas,Susette.Belldas@yopmail.com,Susette.Belldas@gmail.com,police officer,669
769,Rani,Frendel,Rani.Frendel@yopmail.com,Rani.Frendel@gmail.com,police officer,670
770,Marcelline,Jorgan,Marcelline.Jorgan@yopmail.com,Marcelline.Jorgan@gmail.com,developer,671
771,Lauryn,Lail,Lauryn.Lail@yopmail.com,Lauryn.Lail@gmail.com,worker,672
772,Kristina,Regan,Kristina.Regan@yopmail.com,Kristina.Regan@gmail.com,firefighter,673
773,Beatriz,Edvard,Beatriz.Edvard@yopmail.com,Beatriz.Edvard@gmail.com,police officer,674
774,Jackie,Belldas,Jackie.Belldas@yopmail.com,Jackie.Belldas@gmail.com,police officer,675
775,Andeee,Guthrie,Andeee.Guthrie@yopmail.com,Andeee.Guthrie@gmail.com,firefighter,676
776,Alisha,Suzetta,Alisha.Suzetta@yopmail.com,Alisha.Suzetta@gmail.com,developer,677
777,Jenilee,Eben,Jenilee.Eben@yopmail.com,Jenilee.Eben@gmail.com,firefighter,678
778,Talya,Atonsah,Talya.Atonsah@yopmail.com,Talya.Atonsah@gmail.com,developer,679
779,Sallie,Poppy,Sallie.Poppy@yopmail.com,Sallie.Poppy@gmail.com,firefighter,680
780,Tobe,Berne,Tobe.Berne@yopmail.com,Tobe.Berne@gmail.com,firefighter,681
781,Averyl,Joachim,Averyl.Joachim@yopmail.com,Averyl.Joachim@gmail.com,firefighter,682
782,Mildrid,Lalitta,Mildrid.Lalitta@yopmail.com,Mildrid.Lalitta@gmail.com,police officer,683
783,Blondelle,Sheng,Blondelle.Sheng@yopmail.com,Blondelle.Sheng@gmail.com,doctor,684
784,Nannie,Saint,Nannie.Saint@yopmail.com,Nannie.Saint@gmail.com,developer,685
785,Ardenia,Eldrid,Ardenia.Eldrid@yopmail.com,Ardenia.Eldrid@gmail.com,developer,686
786,Steffane,Kathie,Steffane.Kathie@yopmail.com,Steffane.Kathie@gmail.com,worker,687
787,Mamie,Irmine,Mamie.Irmine@yopmail.com,Mamie.Irmine@gmail.com,firefighter,688
788,Nadine,Skell,Nadine.Skell@yopmail.com,Nadine.Skell@gmail.com,police officer,689
789,Ida,Grimbly,Ida.Grimbly@yopmail.com,Ida.Grimbly@gmail.com,police officer,690
790,Genevra,Brieta,Genevra.Brieta@yopmail.com,Genevra.Brieta@gmail.com,doctor,691
791,Kalina,Fiann,Kalina.Fiann@yopmail.com,Kalina.Fiann@gmail.com,police officer,692
792,Rosene,Oscar,Rosene.Oscar@yopmail.com,Rosene.Oscar@gmail.com,police officer,693
793,Carlie,Center,Carlie.Center@yopmail.com,Carlie.Center@gmail.com,doctor,694
794,Barbi,Koziara,Barbi.Koziara@yopmail.com,Barbi.Koziara@gmail.com,police officer,695
795,Bobinette,Prober,Bobinette.Prober@yopmail.com,Bobinette.Prober@gmail.com,doctor,696
796,Bettine,Cornelia,Bettine.Cornelia@yopmail.com,Bettine.Cornelia@gmail.com,developer,697
797,Celestyna,Donell,Celestyna.Donell@yopmail.com,Celestyna.Donell@gmail.com,worker,698
798,Morganica,Astra,Morganica.Astra@yopmail.com,Morganica.Astra@gmail.com,doctor,699
799,Dawn,Halsey,Dawn.Halsey@yopmail.com,Dawn.Halsey@gmail.com,police officer,700
800,Kerrin,Merell,Kerrin.Merell@yopmail.com,Kerrin.Merell@gmail.com,doctor,701
801,Sean,Christal,Sean.Christal@yopmail.com,Sean.Christal@gmail.com,firefighter,702
802,Clarice,Aurelio,Clarice.Aurelio@yopmail.com,Clarice.Aurelio@gmail.com,developer,703
803,Krystle,Han,Krystle.Han@yopmail.com,Krystle.Han@gmail.com,developer,704
804,Charmaine,Bohlin,Charmaine.Bohlin@yopmail.com,Charmaine.Bohlin@gmail.com,firefighter,705
805,Clementine,Hanleigh,Clementine.Hanleigh@yopmail.com,Clementine.Hanleigh@gmail.com,developer,706
806,Cassondra,Even,Cassondra.Even@yopmail.com,Cassondra.Even@gmail.com,police officer,707
807,Meghann,Marijo,Meghann.Marijo@yopmail.com,Meghann.Marijo@gmail.com,worker,708
808,Kore,O'Carroll,Kore.O'Carroll@yopmail.com,Kore.O'Carroll@gmail.com,worker,709
809,Robinia,Wadell,Robinia.Wadell@yopmail.com,Robinia.Wadell@gmail.com,police officer,710
810,Tiffie,Brian,Tiffie.Brian@yopmail.com,Tiffie.Brian@gmail.com,firefighter,711
811,Janis,Lubin,Janis.Lubin@yopmail.com,Janis.Lubin@gmail.com,worker,712
812,Eve,Codding,Eve.Codding@yopmail.com,Eve.Codding@gmail.com,firefighter,713
813,Neila,Rhu,Neila.Rhu@yopmail.com,Neila.Rhu@gmail.com,doctor,714
814,Gusella,Bahr,Gusella.Bahr@yopmail.com,Gusella.Bahr@gmail.com,firefighter,715
815,Halette,Raseda,Halette.Raseda@yopmail.com,Halette.Raseda@gmail.com,police officer,716
816,Edee,Lipson,Edee.Lipson@yopmail.com,Edee.Lipson@gmail.com,doctor,717
817,Daphne,Lucienne,Daphne.Lucienne@yopmail.com,Daphne.Lucienne@gmail.com,doctor,718
818,Melanie,Dash,Melanie.Dash@yopmail.com,Melanie.Dash@gmail.com,worker,719
819,Veda,Charity,Veda.Charity@yopmail.com,Veda.Charity@gmail.com,developer,720
820,Carmela,Fadiman,Carmela.Fadiman@yopmail.com,Carmela.Fadiman@gmail.com,doctor,721
821,Lauryn,Ranjiv,Lauryn.Ranjiv@yopmail.com,Lauryn.Ranjiv@gmail.com,firefighter,722
822,Orelia,Rosette,Orelia.Rosette@yopmail.com,Orelia.Rosette@gmail.com,developer,723
823,Mignon,Vilma,Mignon.Vilma@yopmail.com,Mignon.Vilma@gmail.com,worker,724
824,Elise,Gavrila,Elise.Gavrila@yopmail.com,Elise.Gavrila@gmail.com,developer,725
825,Sidoney,Katrine,Sidoney.Katrine@yopmail.com,Sidoney.Katrine@gmail.com,developer,726
826,Arlena,Colbert,Arlena.Colbert@yopmail.com,Arlena.Colbert@gmail.com,firefighter,727
827,Konstance,Wyn,Konstance.Wyn@yopmail.com,Konstance.Wyn@gmail.com,developer,728
828,Gusty,Sallyann,Gusty.Sallyann@yopmail.com,Gusty.Sallyann@gmail.com,police officer,729
829,Agnese,Riva,Agnese.Riva@yopmail.com,Agnese.Riva@gmail.com,worker,730
830,Mallory,Blase,Mallory.Blase@yopmail.com,Mallory.Blase@gmail.com,firefighter,731
831,Adelle,Jacinda,Adelle.Jacinda@yopmail.com,Adelle.Jacinda@gmail.com,worker,732
832,Britte,Vittoria,Britte.Vittoria@yopmail.com,Britte.Vittoria@gmail.com,police officer,733
833,Kimberley,Sikorski,Kimberley.Sikorski@yopmail.com,Kimberley.Sikorski@gmail.com,developer,734
834,Jsandye,Papageno,Jsandye.Papageno@yopmail.com,Jsandye.Papageno@gmail.com,firefighter,735
835,Concettina,Tremayne,Concettina.Tremayne@yopmail.com,Concettina.Tremayne@gmail.com,worker,736
836,Vonny,Agle,Vonny.Agle@yopmail.com,Vonny.Agle@gmail.com,police officer,737
837,Sheree,Emanuel,Sheree.Emanuel@yopmail.com,Sheree.Emanuel@gmail.com,doctor,738
838,Goldie,Valerio,Goldie.Valerio@yopmail.com,Goldie.Valerio@gmail.com,doctor,739
839,Mamie,Alarise,Mamie.Alarise@yopmail.com,Mamie.Alarise@gmail.com,doctor,740
840,Rani,Cassius,Rani.Cassius@yopmail.com,Rani.Cassius@gmail.com,firefighter,741
841,Paule,Velick,Paule.Velick@yopmail.com,Paule.Velick@gmail.com,firefighter,742
842,Edyth,Faust,Edyth.Faust@yopmail.com,Edyth.Faust@gmail.com,firefighter,743
843,Vivia,Vorster,Vivia.Vorster@yopmail.com,Vivia.Vorster@gmail.com,firefighter,744
844,Karly,Sholley,Karly.Sholley@yopmail.com,Karly.Sholley@gmail.com,firefighter,745
845,Lindie,Constancy,Lindie.Constancy@yopmail.com,Lindie.Constancy@gmail.com,firefighter,746
846,Donetta,Candy,Donetta.Candy@yopmail.com,Donetta.Candy@gmail.com,firefighter,747
847,Delilah,Moina,Delilah.Moina@yopmail.com,Delilah.Moina@gmail.com,doctor,748
848,Sashenka,Therine,Sashenka.Therine@yopmail.com,Sashenka.Therine@gmail.com,worker,749
849,Aryn,Alice,Aryn.Alice@yopmail.com,Aryn.Alice@gmail.com,firefighter,750
850,Ruthe,Ardra,Ruthe.Ardra@yopmail.com,Ruthe.Ardra@gmail.com,developer,751
851,Cacilie,Blisse,Cacilie.Blisse@yopmail.com,Cacilie.Blisse@gmail.com,worker,752
852,Damaris,Hanleigh,Damaris.Hanleigh@yopmail.com,Damaris.Hanleigh@gmail.com,firefighter,753
853,Sonni,Leler,Sonni.Leler@yopmail.com,Sonni.Leler@gmail.com,worker,754
854,Frieda,Lutero,Frieda.Lutero@yopmail.com,Frieda.Lutero@gmail.com,developer,755
855,Agnese,Kesley,Agnese.Kesley@yopmail.com,Agnese.Kesley@gmail.com,developer,756
856,Taffy,Atonsah,Taffy.Atonsah@yopmail.com,Taffy.Atonsah@gmail.com,doctor,757
857,Leona,Forrer,Leona.Forrer@yopmail.com,Leona.Forrer@gmail.com,worker,758
858,Lanae,Center,Lanae.Center@yopmail.com,Lanae.Center@gmail.com,worker,759
859,Corly,Socha,Corly.Socha@yopmail.com,Corly.Socha@gmail.com,worker,760
860,Edee,Klotz,Edee.Klotz@yopmail.com,Edee.Klotz@gmail.com,police officer,761
861,Carilyn,Tufts,Carilyn.Tufts@yopmail.com,Carilyn.Tufts@gmail.com,firefighter,762
862,Kore,Sharl,Kore.Sharl@yopmail.com,Kore.Sharl@gmail.com,developer,763
863,Tomasina,Astra,Tomasina.Astra@yopmail.com,Tomasina.Astra@gmail.com,worker,764
864,Aurelie,Jaylene,Aurelie.Jaylene@yopmail.com,Aurelie.Jaylene@gmail.com,police officer,765
865,Babita,Emanuel,Babita.Emanuel@yopmail.com,Babita.Emanuel@gmail.com,firefighter,766
866,Devina,Malanie,Devina.Malanie@yopmail.com,Devina.Malanie@gmail.com,doctor,767
867,Frieda,Egbert,Frieda.Egbert@yopmail.com,Frieda.Egbert@gmail.com,worker,768
868,Adriana,Felizio,Adriana.Felizio@yopmail.com,Adriana.Felizio@gmail.com,developer,769
869,Tina,Jacqui,Tina.Jacqui@yopmail.com,Tina.Jacqui@gmail.com,developer,770
870,Britte,Mallon,Britte.Mallon@yopmail.com,Britte.Mallon@gmail.com,firefighter,771
871,Teddie,Wooster,Teddie.Wooster@yopmail.com,Teddie.Wooster@gmail.com,doctor,772
872,Jerry,Darbie,Jerry.Darbie@yopmail.com,Jerry.Darbie@gmail.com,doctor,773
873,Briney,Tippets,Briney.Tippets@yopmail.com,Briney.Tippets@gmail.com,doctor,774
874,Carol-Jean,Jarib,Carol-Jean.Jarib@yopmail.com,Carol-Jean.Jarib@gmail.com,firefighter,775
875,Dode,Edee,Dode.Edee@yopmail.com,Dode.Edee@gmail.com,developer,776
876,Elmira,Idelia,Elmira.Idelia@yopmail.com,Elmira.Idelia@gmail.com,firefighter,777
877,Hayley,Destinee,Hayley.Destinee@yopmail.com,Hayley.Destinee@gmail.com,police officer,778
878,Margarette,Frodi,Margarette.Frodi@yopmail.com,Margarette.Frodi@gmail.com,police officer,779
879,Charissa,Mathilde,Charissa.Mathilde@yopmail.com,Charissa.Mathilde@gmail.com,developer,780
880,Amara,Ashely,Amara.Ashely@yopmail.com,Amara.Ashely@gmail.com,worker,781
881,Margarette,Newell,Margarette.Newell@yopmail.com,Margarette.Newell@gmail.com,firefighter,782
882,Lucille,Colbert,Lucille.Colbert@yopmail.com,Lucille.Colbert@gmail.com,police officer,783
883,Layla,Saint,Layla.Saint@yopmail.com,Layla.Saint@gmail.com,worker,784
884,Lucille,Jerald,Lucille.Jerald@yopmail.com,Lucille.Jerald@gmail.com,worker,785
885,Lusa,Garek,Lusa.Garek@yopmail.com,Lusa.Garek@gmail.com,police officer,786
886,Eadie,Alejoa,Eadie.Alejoa@yopmail.com,Eadie.Alejoa@gmail.com,firefighter,787
887,Lexine,Schroth,Lexine.Schroth@yopmail.com,Lexine.Schroth@gmail.com,developer,788
888,Merle,Redmond,Merle.Redmond@yopmail.com,Merle.Redmond@gmail.com,firefighter,789
889,Estell,Dex,Estell.Dex@yopmail.com,Estell.Dex@gmail.com,doctor,790
890,Fanny,Brady,Fanny.Brady@yopmail.com,Fanny.Brady@gmail.com,worker,791
891,Moyna,Rosette,Moyna.Rosette@yopmail.com,Moyna.Rosette@gmail.com,police officer,792
892,Gertrud,Tufts,Gertrud.Tufts@yopmail.com,Gertrud.Tufts@gmail.com,developer,793
893,Chloris,Pierette,Chloris.Pierette@yopmail.com,Chloris.Pierette@gmail.com,doctor,794
894,Genovera,Skell,Genovera.Skell@yopmail.com,Genovera.Skell@gmail.com,firefighter,795
895,Georgetta,Ludewig,Georgetta.Ludewig@yopmail.com,Georgetta.Ludewig@gmail.com,doctor,796
896,Kylynn,Gaulin,Kylynn.Gaulin@yopmail.com,Kylynn.Gaulin@gmail.com,police officer,797
897,Sharlene,Odell,Sharlene.Odell@yopmail.com,Sharlene.Odell@gmail.com,police officer,798
898,Starla,Hubert,Starla.Hubert@yopmail.com,Starla.Hubert@gmail.com,doctor,799
899,Juliane,Gwenore,Juliane.Gwenore@yopmail.com,Juliane.Gwenore@gmail.com,developer,800
900,Maridel,Baylor,Maridel.Baylor@yopmail.com,Maridel.Baylor@gmail.com,doctor,801
901,Netty,Astra,Netty.Astra@yopmail.com,Netty.Astra@gmail.com,worker,802
902,Trudie,Love,Trudie.Love@yopmail.com,Trudie.Love@gmail.com,firefighter,803
903,Arlena,Thornburg,Arlena.Thornburg@yopmail.com,Arlena.Thornburg@gmail.com,firefighter,804
904,Ida,Rustice,Ida.Rustice@yopmail.com,Ida.Rustice@gmail.com,police officer,805
905,Leanna,Natalia,Leanna.Natalia@yopmail.com,Leanna.Natalia@gmail.com,police officer,806
906,Carolina,Billye,Carolina.Billye@yopmail.com,Carolina.Billye@gmail.com,police officer,807
907,Donetta,Florina,Donetta.Florina@yopmail.com,Donetta.Florina@gmail.com,worker,808
908,Betta,Berl,Betta.Berl@yopmail.com,Betta.Berl@gmail.com,worker,809
909,Fredericka,Leopold,Fredericka.Leopold@yopmail.com,Fredericka.Leopold@gmail.com,developer,810
910,Frances,Winnick,Frances.Winnick@yopmail.com,Frances.Winnick@gmail.com,police officer,811
911,Hermione,Fennessy,Hermione.Fennessy@yopmail.com,Hermione.Fennessy@gmail.com,developer,812
912,Wendi,Linehan,Wendi.Linehan@yopmail.com,Wendi.Linehan@gmail.com,police officer,813
913,Elka,Lia,Elka.Lia@yopmail.com,Elka.Lia@gmail.com,police officer,814
914,Dari,Annabella,Dari.Annabella@yopmail.com,Dari.Annabella@gmail.com,firefighter,815
915,Bernardine,Dyche,Bernardine.Dyche@yopmail.com,Bernardine.Dyche@gmail.com,developer,816
916,Tamqrah,Esmaria,Tamqrah.Esmaria@yopmail.com,Tamqrah.Esmaria@gmail.com,developer,817
917,Kial,Gahl,Kial.Gahl@yopmail.com,Kial.Gahl@gmail.com,developer,818
918,Emilia,Dituri,Emilia.Dituri@yopmail.com,Emilia.Dituri@gmail.com,developer,819
919,Nickie,Teddman,Nickie.Teddman@yopmail.com,Nickie.Teddman@gmail.com,developer,820
920,Blake,Craggie,Blake.Craggie@yopmail.com,Blake.Craggie@gmail.com,worker,821
921,Julieta,Ferrell,Julieta.Ferrell@yopmail.com,Julieta.Ferrell@gmail.com,doctor,822
922,Estell,Girardo,Estell.Girardo@yopmail.com,Estell.Girardo@gmail.com,doctor,823
923,Katleen,Mauer,Katleen.Mauer@yopmail.com,Katleen.Mauer@gmail.com,police officer,824
924,Chloris,Federica,Chloris.Federica@yopmail.com,Chloris.Federica@gmail.com,doctor,825
925,Theodora,Lindemann,Theodora.Lindemann@yopmail.com,Theodora.Lindemann@gmail.com,firefighter,826
926,Correy,Alfons,Correy.Alfons@yopmail.com,Correy.Alfons@gmail.com,worker,827
927,Correy,Stefa,Correy.Stefa@yopmail.com,Correy.Stefa@gmail.com,police officer,828
928,Meghann,Oster,Meghann.Oster@yopmail.com,Meghann.Oster@gmail.com,doctor,829
929,Vonny,Harned,Vonny.Harned@yopmail.com,Vonny.Harned@gmail.com,doctor,830
930,Hyacinthe,Kevon,Hyacinthe.Kevon@yopmail.com,Hyacinthe.Kevon@gmail.com,worker,831
931,Tina,Fiester,Tina.Fiester@yopmail.com,Tina.Fiester@gmail.com,doctor,832
932,Gretal,Bakerman,Gretal.Bakerman@yopmail.com,Gretal.Bakerman@gmail.com,doctor,833
933,Gisela,Seagraves,Gisela.Seagraves@yopmail.com,Gisela.Seagraves@gmail.com,worker,834
934,Heddie,Harriman,Heddie.Harriman@yopmail.com,Heddie.Harriman@gmail.com,firefighter,835
935,Georgina,Sophronia,Georgina.Sophronia@yopmail.com,Georgina.Sophronia@gmail.com,doctor,836
936,Olwen,Sherfield,Olwen.Sherfield@yopmail.com,Olwen.Sherfield@gmail.com,firefighter,837
937,Ericka,Rubie,Ericka.Rubie@yopmail.com,Ericka.Rubie@gmail.com,doctor,838
938,Brandise,Aida,Brandise.Aida@yopmail.com,Brandise.Aida@gmail.com,developer,839
939,Reeba,Zetta,Reeba.Zetta@yopmail.com,Reeba.Zetta@gmail.com,doctor,840
940,Mallory,Papageno,Mallory.Papageno@yopmail.com,Mallory.Papageno@gmail.com,doctor,841
941,Barbara,Lymann,Barbara.Lymann@yopmail.com,Barbara.Lymann@gmail.com,developer,842
942,Darci,Havens,Darci.Havens@yopmail.com,Darci.Havens@gmail.com,doctor,843
943,Marcelline,Masao,Marcelline.Masao@yopmail.com,Marcelline.Masao@gmail.com,police officer,844
944,Hollie,Simmonds,Hollie.Simmonds@yopmail.com,Hollie.Simmonds@gmail.com,worker,845
945,Deane,Socha,Deane.Socha@yopmail.com,Deane.Socha@gmail.com,developer,846
946,Lisette,Garbe,Lisette.Garbe@yopmail.com,Lisette.Garbe@gmail.com,firefighter,847
947,Melisent,Brandice,Melisent.Brandice@yopmail.com,Melisent.Brandice@gmail.com,firefighter,848
948,Bibby,Behre,Bibby.Behre@yopmail.com,Bibby.Behre@gmail.com,worker,849
949,Blake,Caitlin,Blake.Caitlin@yopmail.com,Blake.Caitlin@gmail.com,firefighter,850
950,Sindee,Sammons,Sindee.Sammons@yopmail.com,Sindee.Sammons@gmail.com,worker,851
951,Christal,Haymes,Christal.Haymes@yopmail.com,Christal.Haymes@gmail.com,worker,852
952,Cathie,Zetta,Cathie.Zetta@yopmail.com,Cathie.Zetta@gmail.com,firefighter,853
953,Paola,Firmin,Paola.Firmin@yopmail.com,Paola.Firmin@gmail.com,developer,854
954,Devina,Middleton,Devina.Middleton@yopmail.com,Devina.Middleton@gmail.com,firefighter,855
955,Audrie,Parsaye,Audrie.Parsaye@yopmail.com,Audrie.Parsaye@gmail.com,worker,856
956,Aubrie,Ammann,Aubrie.Ammann@yopmail.com,Aubrie.Ammann@gmail.com,worker,857
957,Agnese,Mike,Agnese.Mike@yopmail.com,Agnese.Mike@gmail.com,worker,858
958,Tierney,Thema,Tierney.Thema@yopmail.com,Tierney.Thema@gmail.com,doctor,859
959,Blake,Nadia,Blake.Nadia@yopmail.com,Blake.Nadia@gmail.com,police officer,860
960,Bee,Edmund,Bee.Edmund@yopmail.com,Bee.Edmund@gmail.com,worker,861
961,Adelle,Arvo,Adelle.Arvo@yopmail.com,Adelle.Arvo@gmail.com,worker,862
962,Cathyleen,Chaing,Cathyleen.Chaing@yopmail.com,Cathyleen.Chaing@gmail.com,firefighter,863
963,Nikki,Richers,Nikki.Richers@yopmail.com,Nikki.Richers@gmail.com,firefighter,864
964,Joelly,Abbot,Joelly.Abbot@yopmail.com,Joelly.Abbot@gmail.com,doctor,865
965,Zaria,Plato,Zaria.Plato@yopmail.com,Zaria.Plato@gmail.com,developer,866
966,Minne,Wittie,Minne.Wittie@yopmail.com,Minne.Wittie@gmail.com,police officer,867
967,Patricia,Deny,Patricia.Deny@yopmail.com,Patricia.Deny@gmail.com,doctor,868
968,Deedee,Wyn,Deedee.Wyn@yopmail.com,Deedee.Wyn@gmail.com,firefighter,869
969,Lorie,Sabella,Lorie.Sabella@yopmail.com,Lorie.Sabella@gmail.com,worker,870
970,Peri,Cohdwell,Peri.Cohdwell@yopmail.com,Peri.Cohdwell@gmail.com,doctor,871
971,Dede,Thomasina,Dede.Thomasina@yopmail.com,Dede.Thomasina@gmail.com,doctor,872
972,Madeleine,Isacco,Madeleine.Isacco@yopmail.com,Madeleine.Isacco@gmail.com,firefighter,873
973,Candy,Dermott,Candy.Dermott@yopmail.com,Candy.Dermott@gmail.com,firefighter,874
974,Lucy,Pettiford,Lucy.Pettiford@yopmail.com,Lucy.Pettiford@gmail.com,developer,875
975,Abbie,Markman,Abbie.Markman@yopmail.com,Abbie.Markman@gmail.com,doctor,876
976,Kittie,Rese,Kittie.Rese@yopmail.com,Kittie.Rese@gmail.com,police officer,877
977,Isa,Alwin,Isa.Alwin@yopmail.com,Isa.Alwin@gmail.com,police officer,878
978,Dacia,Goth,Dacia.Goth@yopmail.com,Dacia.Goth@gmail.com,worker,879
979,Marcy,Sholley,Marcy.Sholley@yopmail.com,Marcy.Sholley@gmail.com,worker,880
980,Hermione,Federica,Hermione.Federica@yopmail.com,Hermione.Federica@gmail.com,firefighter,881
981,Elfreda,Diann,Elfreda.Diann@yopmail.com,Elfreda.Diann@gmail.com,firefighter,882
982,Nannie,Pauly,Nannie.Pauly@yopmail.com,Nannie.Pauly@gmail.com,worker,883
983,Kara-Lynn,Sacken,Kara-Lynn.Sacken@yopmail.com,Kara-Lynn.Sacken@gmail.com,doctor,884
984,Wynne,Jena,Wynne.Jena@yopmail.com,Wynne.Jena@gmail.com,police officer,885
985,Zsa Zsa,Zamora,Zsa Zsa.Zamora@yopmail.com,Zsa Zsa.Zamora@gmail.com,police officer,886
986,Maud,Pond,Maud.Pond@yopmail.com,Maud.Pond@gmail.com,worker,887
987,Rochette,Eugenia,Rochette.Eugenia@yopmail.com,Rochette.Eugenia@gmail.com,police officer,888
988,Feliza,Bebe,Feliza.Bebe@yopmail.com,Feliza.Bebe@gmail.com,police officer,889
989,Aurelie,Harl,Aurelie.Harl@yopmail.com,Aurelie.Harl@gmail.com,firefighter,890
990,Madeleine,Rheingold,Madeleine.Rheingold@yopmail.com,Madeleine.Rheingold@gmail.com,police officer,891
991,Kenna,Wu,Kenna.Wu@yopmail.com,Kenna.Wu@gmail.com,worker,892
992,Minne,Cohdwell,Minne.Cohdwell@yopmail.com,Minne.Cohdwell@gmail.com,firefighter,893
993,Gilligan,Linehan,Gilligan.Linehan@yopmail.com,Gilligan.Linehan@gmail.com,police officer,894
994,Lenna,Pond,Lenna.Pond@yopmail.com,Lenna.Pond@gmail.com,doctor,895
995,Tobe,Cassius,Tobe.Cassius@yopmail.com,Tobe.Cassius@gmail.com,firefighter,896
996,Max,Pulsifer,Max.Pulsifer@yopmail.com,Max.Pulsifer@gmail.com,police officer,897
997,Nerta,Monk,Nerta.Monk@yopmail.com,Nerta.Monk@gmail.com,firefighter,898
998,Celestyna,Roscoe,Celestyna.Roscoe@yopmail.com,Celestyna.Roscoe@gmail.com,worker,899
999,Henriette,Kiyoshi,Henriette.Kiyoshi@yopmail.com,Henriette.Kiyoshi@gmail.com,doctor,900
1000,Dotty,Matthew,Dotty.Matthew@yopmail.com,Dotty.Matthew@gmail.com,worker,901
1001,Arlina,Gamaliel,Arlina.Gamaliel@yopmail.com,Arlina.Gamaliel@gmail.com,developer,902
1002,Kirbee,Wenda,Kirbee.Wenda@yopmail.com,Kirbee.Wenda@gmail.com,doctor,903
1003,Chloris,Eliathas,Chloris.Eliathas@yopmail.com,Chloris.Eliathas@gmail.com,worker,904
1004,Jacenta,Oriana,Jacenta.Oriana@yopmail.com,Jacenta.Oriana@gmail.com,firefighter,905
1005,Maridel,Seligman,Maridel.Seligman@yopmail.com,Maridel.Seligman@gmail.com,police officer,906
1006,Marjie,Rossner,Marjie.Rossner@yopmail.com,Marjie.Rossner@gmail.com,worker,907
1007,Concettina,Redmond,Concettina.Redmond@yopmail.com,Concettina.Redmond@gmail.com,police officer,908
1008,Sharlene,Blake,Sharlene.Blake@yopmail.com,Sharlene.Blake@gmail.com,police officer,909
1009,Carmencita,Beebe,Carmencita.Beebe@yopmail.com,Carmencita.Beebe@gmail.com,police officer,910
1010,Marline,Camden,Marline.Camden@yopmail.com,Marline.Camden@gmail.com,police officer,911
1011,Dolli,Bearnard,Dolli.Bearnard@yopmail.com,Dolli.Bearnard@gmail.com,developer,912
1012,Malina,Konyn,Malina.Konyn@yopmail.com,Malina.Konyn@gmail.com,worker,913
1013,Leanna,Darrell,Leanna.Darrell@yopmail.com,Leanna.Darrell@gmail.com,developer,914
1014,Ricky,Tice,Ricky.Tice@yopmail.com,Ricky.Tice@gmail.com,developer,915
1015,Moyna,Manolo,Moyna.Manolo@yopmail.com,Moyna.Manolo@gmail.com,worker,916
1016,Tarra,Gibbeon,Tarra.Gibbeon@yopmail.com,Tarra.Gibbeon@gmail.com,developer,917
1017,Neila,Janith,Neila.Janith@yopmail.com,Neila.Janith@gmail.com,doctor,918
1018,Ricky,Latini,Ricky.Latini@yopmail.com,Ricky.Latini@gmail.com,developer,919
1019,Hyacinthe,Margret,Hyacinthe.Margret@yopmail.com,Hyacinthe.Margret@gmail.com,police officer,920
1020,Lonnie,Shaver,Lonnie.Shaver@yopmail.com,Lonnie.Shaver@gmail.com,firefighter,921
1021,Althea,Modie,Althea.Modie@yopmail.com,Althea.Modie@gmail.com,developer,922
1022,Bernardine,Ethban,Bernardine.Ethban@yopmail.com,Bernardine.Ethban@gmail.com,developer,923
1023,Ariela,Gregrory,Ariela.Gregrory@yopmail.com,Ariela.Gregrory@gmail.com,doctor,924
1024,Orsola,Christine,Orsola.Christine@yopmail.com,Orsola.Christine@gmail.com,firefighter,925
1025,Yolane,Edvard,Yolane.Edvard@yopmail.com,Yolane.Edvard@gmail.com,worker,926
1026,Beatriz,Nicoline,Beatriz.Nicoline@yopmail.com,Beatriz.Nicoline@gmail.com,developer,927
1027,Madalyn,Alva,Madalyn.Alva@yopmail.com,Madalyn.Alva@gmail.com,police officer,928
1028,Alie,Woodberry,Alie.Woodberry@yopmail.com,Alie.Woodberry@gmail.com,firefighter,929
1029,Kenna,O'Carroll,Kenna.O'Carroll@yopmail.com,Kenna.O'Carroll@gmail.com,developer,930
1030,Clarice,My,Clarice.My@yopmail.com,Clarice.My@gmail.com,police officer,931
1031,Lyssa,Marijo,Lyssa.Marijo@yopmail.com,Lyssa.Marijo@gmail.com,police officer,932
1032,Bernardine,Sawtelle,Bernardine.Sawtelle@yopmail.com,Bernardine.Sawtelle@gmail.com,developer,933
1033,Gaylene,Odell,Gaylene.Odell@yopmail.com,Gaylene.Odell@gmail.com,worker,934
1034,Maryellen,Orpah,Maryellen.Orpah@yopmail.com,Maryellen.Orpah@gmail.com,firefighter,935
1035,Codie,Maribeth,Codie.Maribeth@yopmail.com,Codie.Maribeth@gmail.com,police officer,936
1036,Alameda,Goldina,Alameda.Goldina@yopmail.com,Alameda.Goldina@gmail.com,developer,937
1037,Gusella,Doig,Gusella.Doig@yopmail.com,Gusella.Doig@gmail.com,doctor,938
1038,Keelia,Iaverne,Keelia.Iaverne@yopmail.com,Keelia.Iaverne@gmail.com,developer,939
1039,Alisha,Hertzfeld,Alisha.Hertzfeld@yopmail.com,Alisha.Hertzfeld@gmail.com,worker,940
1040,Sadie,Bivins,Sadie.Bivins@yopmail.com,Sadie.Bivins@gmail.com,worker,941
1041,Gabriellia,Zuzana,Gabriellia.Zuzana@yopmail.com,Gabriellia.Zuzana@gmail.com,doctor,942
1042,Melina,Fabiola,Melina.Fabiola@yopmail.com,Melina.Fabiola@gmail.com,worker,943
1043,Genovera,Kosey,Genovera.Kosey@yopmail.com,Genovera.Kosey@gmail.com,doctor,944
1044,Chickie,Kathie,Chickie.Kathie@yopmail.com,Chickie.Kathie@gmail.com,firefighter,945
1045,Daune,Tybald,Daune.Tybald@yopmail.com,Daune.Tybald@gmail.com,doctor,946
1046,Berta,Nerita,Berta.Nerita@yopmail.com,Berta.Nerita@gmail.com,developer,947
1047,Letizia,Johnsson,Letizia.Johnsson@yopmail.com,Letizia.Johnsson@gmail.com,doctor,948
1048,Melina,Nea,Melina.Nea@yopmail.com,Melina.Nea@gmail.com,police officer,949
1049,Desirae,Vacuva,Desirae.Vacuva@yopmail.com,Desirae.Vacuva@gmail.com,worker,950
1050,Desirae,Camden,Desirae.Camden@yopmail.com,Desirae.Camden@gmail.com,developer,951
1051,Amara,Vins,Amara.Vins@yopmail.com,Amara.Vins@gmail.com,developer,952
1052,Letizia,Rosemary,Letizia.Rosemary@yopmail.com,Letizia.Rosemary@gmail.com,firefighter,953
1053,Jsandye,Anastatius,Jsandye.Anastatius@yopmail.com,Jsandye.Anastatius@gmail.com,doctor,954
1054,Pearline,Khorma,Pearline.Khorma@yopmail.com,Pearline.Khorma@gmail.com,firefighter,955
1055,Micheline,Johnsson,Micheline.Johnsson@yopmail.com,Micheline.Johnsson@gmail.com,worker,956
1056,Yolane,Fitzsimmons,Yolane.Fitzsimmons@yopmail.com,Yolane.Fitzsimmons@gmail.com,police officer,957
1057,Loree,Secrest,Loree.Secrest@yopmail.com,Loree.Secrest@gmail.com,police officer,958
1058,Micheline,Tannie,Micheline.Tannie@yopmail.com,Micheline.Tannie@gmail.com,firefighter,959
1059,Gusty,Ochs,Gusty.Ochs@yopmail.com,Gusty.Ochs@gmail.com,police officer,960
1060,Lucille,Tybald,Lucille.Tybald@yopmail.com,Lucille.Tybald@gmail.com,doctor,961
1061,Fidelia,Ries,Fidelia.Ries@yopmail.com,Fidelia.Ries@gmail.com,developer,962
1062,Alex,Wittie,Alex.Wittie@yopmail.com,Alex.Wittie@gmail.com,doctor,963
1063,Lucille,Si,Lucille.Si@yopmail.com,Lucille.Si@gmail.com,developer,964
1064,Gerianna,Santoro,Gerianna.Santoro@yopmail.com,Gerianna.Santoro@gmail.com,police officer,965
1065,Corene,Fontana,Corene.Fontana@yopmail.com,Corene.Fontana@gmail.com,firefighter,966
1066,Maud,Hertzfeld,Maud.Hertzfeld@yopmail.com,Maud.Hertzfeld@gmail.com,developer,967
1067,Laurene,Hathaway,Laurene.Hathaway@yopmail.com,Laurene.Hathaway@gmail.com,doctor,968
1068,Sybille,Belanger,Sybille.Belanger@yopmail.com,Sybille.Belanger@gmail.com,developer,969
1069,Rosene,Holbrook,Rosene.Holbrook@yopmail.com,Rosene.Holbrook@gmail.com,firefighter,970
1070,Jessy,Sinegold,Jessy.Sinegold@yopmail.com,Jessy.Sinegold@gmail.com,worker,971
1071,Donnie,Pyle,Donnie.Pyle@yopmail.com,Donnie.Pyle@gmail.com,developer,972
1072,Neila,Stoller,Neila.Stoller@yopmail.com,Neila.Stoller@gmail.com,doctor,973
1073,Kerrin,Mullane,Kerrin.Mullane@yopmail.com,Kerrin.Mullane@gmail.com,firefighter,974
1074,Agnese,Milde,Agnese.Milde@yopmail.com,Agnese.Milde@gmail.com,firefighter,975
1075,Betta,Tjon,Betta.Tjon@yopmail.com,Betta.Tjon@gmail.com,worker,976
1076,Daphne,Honoria,Daphne.Honoria@yopmail.com,Daphne.Honoria@gmail.com,worker,977
1077,Sandie,Nester,Sandie.Nester@yopmail.com,Sandie.Nester@gmail.com,doctor,978
1078,Kirbee,Duwalt,Kirbee.Duwalt@yopmail.com,Kirbee.Duwalt@gmail.com,firefighter,979
1079,Libbie,Love,Libbie.Love@yopmail.com,Libbie.Love@gmail.com,developer,980
1080,Nicoli,Khorma,Nicoli.Khorma@yopmail.com,Nicoli.Khorma@gmail.com,doctor,981
1081,Delilah,Alfons,Delilah.Alfons@yopmail.com,Delilah.Alfons@gmail.com,firefighter,982
1082,Aaren,Zaslow,Aaren.Zaslow@yopmail.com,Aaren.Zaslow@gmail.com,doctor,983
1083,Ida,Blase,Ida.Blase@yopmail.com,Ida.Blase@gmail.com,worker,984
1084,Larine,Holbrook,Larine.Holbrook@yopmail.com,Larine.Holbrook@gmail.com,firefighter,985
1085,Caritta,Toor,Caritta.Toor@yopmail.com,Caritta.Toor@gmail.com,police officer,986
1086,Belva,Elsinore,Belva.Elsinore@yopmail.com,Belva.Elsinore@gmail.com,police officer,987
1087,Beth,Gale,Beth.Gale@yopmail.com,Beth.Gale@gmail.com,developer,988
1088,Deloria,Pascia,Deloria.Pascia@yopmail.com,Deloria.Pascia@gmail.com,doctor,989
1089,Mady,Herrera,Mady.Herrera@yopmail.com,Mady.Herrera@gmail.com,police officer,990
1090,Leia,Sothena,Leia.Sothena@yopmail.com,Leia.Sothena@gmail.com,worker,991
1091,Konstance,Pacorro,Konstance.Pacorro@yopmail.com,Konstance.Pacorro@gmail.com,doctor,992
1092,Flory,Kazimir,Flory.Kazimir@yopmail.com,Flory.Kazimir@gmail.com,doctor,993
1093,Dale,Noelyn,Dale.Noelyn@yopmail.com,Dale.Noelyn@gmail.com,worker,994
1094,Emelina,Emerson,Emelina.Emerson@yopmail.com,Emelina.Emerson@gmail.com,worker,995
1095,Gavrielle,Cynar,Gavrielle.Cynar@yopmail.com,Gavrielle.Cynar@gmail.com,worker,996
1096,Abbie,Daveta,Abbie.Daveta@yopmail.com,Abbie.Daveta@gmail.com,police officer,997
1097,Heida,Bashemeth,Heida.Bashemeth@yopmail.com,Heida.Bashemeth@gmail.com,doctor,998
1098,Karly,Phi,Karly.Phi@yopmail.com,Karly.Phi@gmail.com,worker,999
1099,Darlleen,Tamsky,Darlleen.Tamsky@yopmail.com,Darlleen.Tamsky@gmail.com,police officer,1000